id	name_en	name_zh	aliases	primary_family	tasks	designs	domains	r_packages	r_functions	maturity	cautions	source_keys
strip-plot	strip plot	条带点图	dot strip; jitter plot	distribution	distribution; comparison	independent; paired; nested	general; soil	ggplot2	geom_point; geom_jitter	canonical	jitter must not imply x values; show n	R-GGPLOT;P-REVEAL-2019
beeswarm-plot	beeswarm plot	蜂群点图	swarm plot	distribution	distribution; comparison	independent; nested	general; soil	ggbeeswarm	geom_beeswarm	canonical	wide groups or large n can collide	P-REVEAL-2019
quasirandom-plot	quasirandom dot plot	准随机点图	quasirandom swarm	distribution	distribution; comparison	independent; nested	general; soil	ggbeeswarm	geom_quasirandom	canonical	horizontal position encodes density not value	P-REVEAL-2019
sina-plot	Sina plot	西纳图	density jitter plot	distribution	distribution; comparison	independent	general	ggforce	geom_sina	niche	needs enough observations for density	R-GGPLOT
dotplot-stacked	stacked dot plot	堆叠点图	Wilkinson dotplot	distribution	distribution	independent	general	ggplot2	geom_dotplot	canonical	binwidth changes stacks; dots are observations only if configured	R-GGPLOT
histogram	histogram	直方图	frequency histogram	distribution	distribution	independent	general; soil	ggplot2	geom_histogram	canonical	bin origin and width materially change shape	R-GGPLOT
frequency-polygon	frequency polygon	频数多边形图	frequency line	distribution	distribution; compare distributions	independent	general	ggplot2	geom_freqpoly	canonical	use common bins across groups	R-GGPLOT
density-plot	kernel density plot	核密度图	KDE	distribution	distribution	independent	general	ggplot2	geom_density	canonical	bandwidth and boundary bias; avoid tiny n	R-GGPLOT
ecdf-plot	empirical cumulative distribution	经验累积分布图	ECDF	distribution	distribution; stochastic dominance	independent	general	ggplot2	stat_ecdf	canonical	step direction and ties matter	R-GGPLOT
ccdf-plot	complementary CDF	互补累积分布图	survival distribution plot	distribution	tails; exceedance	independent	general; environmental	ggplot2	stat_ecdf plus transform	canonical	log axes and censored values need definition	R-GGPLOT
boxplot	box plot	箱线图	box-and-whisker	distribution	distribution; comparison	independent	general; soil	ggplot2	geom_boxplot	canonical	whisker rule is not min/max; weak for small n	P-REVEAL-2019
notched-boxplot	notched box plot	凹口箱线图	notched box	distribution	median comparison	independent	general	ggplot2	geom_boxplot notch	canonical	notch approximation can fail for small n	R-GGPLOT
variable-width-boxplot	variable-width box plot	变宽箱线图	varwidth box	distribution	distribution; sample size	independent	general	ggplot2	geom_boxplot varwidth	canonical	width may be misread as magnitude	R-GGPLOT
letter-value-plot	letter-value plot	字母值图	boxen plot	distribution	tail distribution	independent	general	lvplot; ggplot2 custom	geom_lv	niche	needs large n; define depth rule	R-CTVS
violin-plot	violin plot	小提琴图	violin density	distribution	distribution; comparison	independent	general; soil	ggplot2	geom_violin	canonical	bandwidth; trim; avoid tiny n	P-REVEAL-2019;R-GGPLOT-NEWS
half-violin	half violin plot	半小提琴图	split violin	distribution	distribution; paired comparison	independent; paired	general	gghalves; ggdist	geom_half_violin; stat_halfeye	composite	mirror area can imply sample size; define side mapping	P-RAINCLOUD
beanplot	bean plot	豆荚图	density plus rug	distribution	distribution; comparison	independent	general	beanplot	beanplot	canonical	bandwidth and rug interpretation	R-CTVS
raincloud-plot	raincloud plot	雨云图	cloud-and-rain	distribution	distribution; comparison	independent; nested	general; soil	ggdist; ggplot2	stat_halfeye plus points	composite	does not automatically represent hierarchical n	P-RAINCLOUD
ridgeline-plot	ridgeline density plot	山脊密度图	joyplot	distribution	many distributions; temporal distribution	independent; ordered groups	general; environmental	ggridges	geom_density_ridges	canonical	overlap and per-group scaling can mislead	R-GGPLOT
rainfall-plot-genomics	rainfall plot	基因组雨落图	genomic rainfall plot	distribution	mutation spacing; genome events	genomic	omics	karyoploteR; custom ggplot	custom	domain-standard	not the same as raincloud; log distance definition	P-GENOMIC-TAXONOMY
rug-plot	rug plot	边际地毯图	rug	distribution	distribution context	independent	general	ggplot2	geom_rug	canonical	overplotting hides multiplicity	R-GGPLOT
qq-plot	quantile-quantile plot	Q-Q 图	QQ plot	distribution	distribution diagnostic; calibration	independent	general; soil	ggplot2; stats	stat_qq; qqnorm	canonical	reference distribution and envelope required	R-GGPLOT
pp-plot	probability-probability plot	P-P 图	probability plot	distribution	distribution diagnostic	independent	general	custom ggplot	custom	canonical	reference CDF must be defined	R-CTVS
quantile-dotplot	quantile dotplot	分位点阵图	probability dotplot	distribution	uncertainty; predictive distribution	model-based	general; soil	ggdist	stat_dots; stat_dotsinterval	recent-domain-use	dots represent probability mass not observations	R-GGDIST
half-eye-plot	half-eye plot	半眼图	eye plot; slabinterval	distribution	posterior; bootstrap; uncertainty	model-based	general; soil	ggdist	stat_halfeye	canonical	name interval type and density source	R-GGDIST
spike-plot	spike plot	尖峰图	needle density; spike histogram	distribution	distribution; posterior	independent; model-based	general	ggdist; ggplot2	stat_spike; geom_segment	niche	spike width/weight meaning	R-GGDIST
hdr-boxplot	highest-density-region boxplot	最高密度区箱图	HDR boxplot	distribution	functional or skew distribution	independent	general	hdrcde	hdr.boxplot	niche	define coverage and multimodality	R-CTVS
bagplot	bagplot	袋形图	bivariate boxplot	distribution	bivariate distribution; outliers	independent	general	aplpack	bagplot	niche	depth algorithm and outlier fence	R-CTVS
violin-box-points	violin-box-point composite	小提琴-箱线-点组合图	distribution composite	distribution	distribution; comparison	independent	general; soil	ggplot2; ggbeeswarm	geom_violin plus boxplot plus points	composite	too many redundant layers at small size	P-REVEAL-2019
pirate-plot	pirate plot	海盗图	raw data plus density plus interval	distribution	distribution; comparison	independent	general	yarrr	pirateplot	composite	define every summary layer; can be visually dense	R-CTVS
bar-count	count bar chart	计数条形图	bar chart	comparison	counts; frequency	independent	general	ggplot2	geom_bar	canonical	categories need explicit order; zero baseline	R-GGPLOT
bar-value	value bar chart	数值条形图	column chart	comparison	amount comparison	independent	general; soil	ggplot2	geom_col	canonical	poor default for continuous outcomes; zero baseline	P-REVEAL-2019
grouped-bar	grouped bar chart	分组条形图	clustered bar	comparison	group comparison	factorial	general	ggplot2	geom_col position_dodge	canonical	many groups overload; preserve common baseline	R-GGPLOT
stacked-bar	stacked bar chart	堆叠条形图	component bar	composition	part-to-whole	independent	general; soil	ggplot2	geom_col position_stack	canonical	middle segments lack common baseline	R-GGPLOT
percent-stacked-bar	100 percent stacked bar	百分比堆叠条形图	relative abundance bar	composition	composition	independent; compositional	soil; microbiome	ggplot2	geom_col position_fill	canonical	cannot show absolute totals; closure	R-CTV-COMP
diverging-stacked-bar	diverging stacked bar	发散堆叠条形图	Likert chart	comparison	ordinal response composition	independent	general	ggplot2; likert	geom_col custom	canonical	center category and balance must be explicit	R-GGPLOT
cleveland-dotplot	Cleveland dot plot	克利夫兰点图	dot chart	comparison	ranking; amount comparison	independent	general; soil	ggplot2	geom_point plus geom_segment	canonical	order categories; common scale	R-GGPLOT
lollipop-chart	lollipop chart	棒棒糖图	stem dot chart	comparison	ranking	independent	general	ggplot2	geom_segment plus geom_point	canonical	decorative stems can add clutter	R-GGPLOT
dumbbell-plot	dumbbell plot	哑铃图	connected dot plot	comparison	before-after; two-condition gap	paired; grouped	general; soil	ggplot2	geom_segment plus geom_point	canonical	match pairs/groups and direct label endpoints	R-GGPLOT
slopegraph	slopegraph	坡度图	slope chart	comparison	change between few times	paired; repeated	general; soil	ggplot2	geom_line plus geom_point	canonical	many crossing lines; same scale required	R-GGPLOT
bump-chart	bump chart	排名变化图	rank chart	comparison	rank over time	repeated	general	ggplot2; ggbump	geom_bump	canonical	ranks hide magnitude and ties	R-GGPLOT
bullet-chart	bullet chart	子弹图	performance bullet	comparison	value vs target	independent	general	ggplot2 custom	geom_col plus segments	canonical	ranges and target must be scientifically defined	R-GGPLOT
waterfall-chart	waterfall chart	瀑布图	bridge chart	comparison	sequential contribution	ordered components	general; biogeochemistry	waterfalls; ggplot2	geom_col custom	canonical	ordering and subtotal logic; mass balance	R-GGPLOT
pareto-chart	Pareto chart	帕累托图	ranked bars plus cumulative	comparison	ranked contribution	independent	general	ggplot2	bars plus cumulative line	canonical	dual axis often avoidable; cumulative scale explicit	R-GGPLOT
paired-dotplot	paired dot plot	配对点图	before-after dot plot	comparison	paired change	paired	general; soil	ggplot2	geom_line plus geom_point	canonical	keep IDs and avoid crossing ambiguity	P-ESTIMATION
spaghetti-plot	spaghetti plot	意大利面条图	individual trajectory plot	temporal	individual change	repeated	general; soil	ggplot2	geom_line group id	canonical	large n needs alpha/sampling/faceting	R-GGPLOT
superplot	SuperPlot	超级图	nested dot plot	comparison	reproducibility; nested variability	nested; repeated experiments	soil-biology; general	ggplot2 custom	points plus experiment summaries	composite	independent replicate level must be correct	P-SUPERPLOT
small-multiples	small multiples	小倍图	trellis; facets	comparison	many comparable groups	any	general; soil	ggplot2; lattice	facet_wrap; facet_grid	canonical	shared scales and ordering; panel proliferation	R-GGPLOT
forest-plot	forest plot	森林图	interval plot	effect-uncertainty	effect sizes; meta-analysis	model-based; studies	general; soil	metafor; ggplot2	forest; geom_pointrange	domain-standard	model, reference and interval types	P-META-TAXONOMY
caterpillar-plot	caterpillar plot	毛毛虫图	random effects interval plot	effect-uncertainty	many estimates; random effects	hierarchical model	general; soil	ggplot2; broom.mixed	geom_pointrange	canonical	shrinkage estimates and ordering; not raw ranks	R-CTVS
interval-dotplot	interval dot plot	点区间图	coefficient plot	effect-uncertainty	estimates and intervals	model-based	general; soil	ggplot2	geom_pointrange; geom_errorbarh	canonical	name scale and interval	P-ESTIMATION
gardner-altman	Gardner-Altman estimation plot	Gardner–Altman 估计图	mean-difference estimation	effect-uncertainty	two-group effect	independent; paired	general; soil	dabestr; ggplot2	custom	domain-standard	align raw data and effect axis; bootstrap definition	P-ESTIMATION
cumming-estimation	Cumming estimation plot	Cumming 估计图	multi-group estimation plot	effect-uncertainty	multi-group contrasts	independent; paired	general; soil	dabestr; ggplot2	custom	domain-standard	reference and contrast family	P-ESTIMATION
bootstrap-distribution	bootstrap estimate distribution	自助法估计分布图	bootstrap density	effect-uncertainty	resampling uncertainty	model-based	general; soil	ggdist; ggplot2	stat_halfeye; density	canonical	resampling unit must match design	P-ESTIMATION
hypothetical-outcome-plot	hypothetical outcome plot	假想结果图	HOP; animated outcomes	effect-uncertainty	uncertainty communication	model-based	general	gganimate; custom	transition states	niche	animation needs static alternative and defined draws	R-CTV-DYNAMICVISUALIZATIONS
fan-chart	fan chart	扇形预测图	forecast fan	effect-uncertainty	forecast/posterior intervals	temporal model	general; climate	fanplot; ggplot2	ribbons	canonical	interval nesting and horizon	R-CTVS
funnel-plot	funnel plot	漏斗图	meta-analysis funnel	effect-uncertainty	publication bias; small-study effects	studies	general; soil	metafor	funnel	domain-standard	asymmetry is not proof of publication bias	P-META-TAXONOMY
contour-enhanced-funnel	contour-enhanced funnel plot	等高增强漏斗图	funnel contours	effect-uncertainty	meta bias diagnostics	studies	general	metafor	funnel plus contours	domain-standard	significance contours and model assumptions	P-META-TAXONOMY
galbraith-plot	Galbraith plot	加尔布雷思图	radial plot	effect-uncertainty	meta heterogeneity/outliers	studies	general	metafor	radial	domain-standard	standardized effect geometry	P-META-TAXONOMY
l-abbe-plot	L'Abbé plot	L'Abbé 图	trial event-rate scatter	effect-uncertainty	binary meta heterogeneity	studies	general	meta; metafor	labbe	domain-standard	study size and line meaning	P-META-TAXONOMY
baujat-plot	Baujat plot	Baujat 图	meta influence plot	effect-uncertainty	heterogeneity contribution	studies	general	metafor	baujat	domain-standard	axes depend on fitted meta model	P-META-TAXONOMY
drapery-plot	drapery plot	帷幕图	confidence curve plot	effect-uncertainty	meta p-value/confidence sensitivity	studies	general	metafor; meta	drapery	niche	multiple curves can overwhelm	P-META-TAXONOMY
specification-curve	specification curve	规格曲线	outcome curve plus decisions	effect-uncertainty	analytic robustness	multiverse	general; soil	specr; custom	plot specs	recent-method	specification set must be defensible	P-MULTIVERSE-2026
multiverse-plot	multiverse plot	多宇宙图	density plus decision dashboard	effect-uncertainty	large multiverse analysis	multiverse	general; soil	paper R code	custom	recent-method	new method; binning decisions and model universe transparency	P-MULTIVERSE-2026
vibration-of-effects	vibration of effects plot	效应振动图	VoE plot	effect-uncertainty	model sensitivity	multiverse	general; soil	custom ggplot	points/density	canonical	avoid mixing invalid specifications	P-MULTIVERSE-2026
scatterplot	scatter plot	散点图	x-y plot	relationship	relationship; correlation	independent	general; soil	ggplot2	geom_point	canonical	overplotting; association is not causation	R-GGPLOT
bubble-chart	bubble chart	气泡图	proportional symbol scatter	relationship	three-variable relationship	independent	general; soil	ggplot2	geom_point size	canonical	scale area not radius; legend clarity	R-GGPLOT
hexbin-plot	hexbin plot	六边形分箱图	hexagonal binning	relationship	dense relationship	large n	general; soil	hexbin; ggplot2	geom_hex	canonical	bin size and count/density scale	R-GGPLOT
rect-bin2d	rectangular 2D bin plot	二维矩形分箱图	2D histogram	relationship	dense relationship	large n	general	ggplot2	geom_bin_2d	canonical	bin origin/size	R-GGPLOT
density-2d	2D density contour	二维密度等高图	KDE contour	relationship	bivariate density	large n	general; soil	ggplot2	geom_density_2d; stat_density_2d	canonical	bandwidth and contour normalization	R-GGPLOT
density-raster	2D density raster	二维密度栅格图	density heatmap	relationship	bivariate density	large n	general	ggplot2	stat_density_2d geom raster	canonical	color scale and bandwidth	R-GGPLOT
scatter-density	scatter density plot	点密度着色散点图	point density plot	relationship	dense scatter	large n	general; soil	ggpointdensity	geom_pointdensity	canonical	local density definition and colorbar	R-GGPLOT
connected-scatter	connected scatterplot	连接散点图	path scatter	relationship	trajectory in x-y state space	repeated; temporal	general; environmental	ggplot2	geom_path plus points	canonical	arrows/time labels needed; crossings	R-GGPLOT
regression-line	regression scatter with interval	回归散点及区间图	fit plot	relationship	model relationship	model-based	general; soil	ggplot2; marginaleffects	geom_point plus fitted line/ribbon	canonical	CI vs PI; model formula; extrapolation	R-GGPLOT
loess-plot	LOESS smooth plot	LOESS 平滑图	local regression	relationship	nonlinear exploration	independent	general; soil	ggplot2	geom_smooth method loess	canonical	span and boundary; exploratory not causal	R-GGPLOT
gam-smooth	GAM smooth effect plot	GAM 平滑效应图	smooth term plot	relationship	nonlinear model effect	model-based	general; soil	mgcv; gratia	draw; smooth_estimates	canonical	basis dimension and simultaneous intervals	R-CTV-ENV
response-surface	response surface	响应面图	contour response surface	relationship	two-predictor response	designed experiment	soil; agronomy	ggplot2; plotly	geom_contour; geom_raster	domain-standard	design space and extrapolation; 3D optional	R-CTV-AGRI
ternary-response	ternary response contour	三元响应等高图	simplex surface	relationship	mixture response	mixture design	soil; chemistry	ggtern	stat_contour_tern	domain-standard	only within design simplex	R-CTV-COMP
correlation-matrix	correlation matrix plot	相关矩阵图	correlogram	relationship	many pairwise associations	independent	general; soil	ggcorrplot; corrplot; ComplexHeatmap	corrplot; heatmap	canonical	method, n, missingness and multiplicity	R-CTV-ENV
scatterplot-matrix	scatterplot matrix	散点图矩阵	pairs plot; SPLOM	relationship	multivariate pairwise exploration	independent	general; soil	GGally; graphics	ggpairs; pairs	canonical	scales and overplotting; many variables	R-GGPLOT
parallel-coordinates	parallel coordinates	平行坐标图	parallel coordinate plot	multivariate	multivariate profiles	independent	general; soil	GGally; ggplot2	ggparcoord	canonical	variable scaling/order dominates shape	R-CTVS
andrews-curves	Andrews curves	安德鲁斯曲线	Fourier profile curves	multivariate	multivariate class exploration	independent	general	andrews; GGally	andrews_curves	niche	variable order/scaling and dense overlap	R-CTVS
radar-chart	radar chart	雷达图	spider chart; star plot	multivariate	few normalized profiles	independent	general; soil	fmsb; ggradar	radar chart	caution	caution: axis order/scales create shape; provide table/points	R-CTVS
star-glyph	star glyph plot	星形符号图	stars plot	multivariate	multivariate glyph	independent	general	graphics	stars	caution	caution: poor precise comparison and order sensitivity	R-CTVS
ternary-plot	ternary plot	三元图	triangle plot	composition	three-part composition	compositional	soil; chemistry	soiltexture; ggtern	TT.plot; ggtern	domain-standard	components must share definition and close to total	R-SOILTEXTURE;R-CTV-COMP
pca-biplot	PCA biplot	PCA 双标图	principal component biplot	multivariate	ordination; variable/sample structure	multivariate	soil; ecology	vegan; factoextra	biplot; scores	domain-standard	center/scale and biplot scaling	R-VEGAN
pcoa-plot	PCoA plot	主坐标分析图	principal coordinates ordination	multivariate	distance ordination	multivariate	ecology; microbiome	vegan; ape	wcmdscale; pcoa	domain-standard	distance and negative eigenvalues	R-VEGAN
nmds-plot	NMDS ordination	NMDS 排序图	nonmetric multidimensional scaling	multivariate	distance ordination	multivariate	ecology; soil-biology	vegan	metaMDS; scores	domain-standard	distance, stress, starts; axes arbitrary	R-VEGAN
rda-triplot	RDA triplot	RDA 三标图	redundancy analysis plot	multivariate	constrained ordination	multivariate; constrained	ecology; soil	vegan	rda; plot; scores	domain-standard	response transform, scaling, permutation	R-VEGAN
cca-triplot	CCA triplot	CCA 三标图	canonical correspondence plot	multivariate	unimodal constrained ordination	multivariate; constrained	ecology; soil	vegan	cca; plot; scores	domain-standard	chi-square geometry, scaling, permutation	R-VEGAN
dbrda-plot	dbRDA ordination	距离约束排序图	distance-based RDA	multivariate	constrained distance ordination	multivariate; constrained	ecology; microbiome	vegan	dbrda; capscale	domain-standard	distance, conditions, negative eigenvalues	R-VEGAN
ordination-hull	ordination convex hull	排序凸包图	convex hull groups	multivariate	group extent	multivariate	ecology	vegan	ordihull	domain-standard	hull is sample extent not confidence	R-VEGAN
ordination-ellipse	ordination ellipse	排序椭圆图	group ellipse	multivariate	group location/dispersion	multivariate	ecology	vegan	ordiellipse	domain-standard	state SD/SE/confidence and assumptions	R-VEGAN
ordination-spider	ordination spider plot	排序蜘蛛图	centroid spider	multivariate	within-group dispersion	multivariate	ecology	vegan	ordispider	domain-standard	centroid definition and group size	R-VEGAN
variation-partition	variation partition diagram	变异分解图	varpart Venn-like	multivariate	partition explained variation	multivariate; constrained	ecology; soil	vegan	varpart; plot	domain-standard	fractions may be negative; adjusted R2; overlap not literal area	R-VEGAN
line-chart	line chart	折线图	time series line	temporal	change over time/repeated x	ordered; repeated	general; soil	ggplot2	geom_line	canonical	do not connect missing or unordered observations	R-GGPLOT
step-chart	step chart	阶梯图	stair plot	temporal	piecewise constant process	ordered	general; soil	ggplot2	geom_step	canonical	step direction and interval support	R-GGPLOT
area-chart	area chart	面积图	filled line	temporal	magnitude over sequence	ordered	general	ggplot2	geom_area	canonical	zero baseline and overlap	R-GGPLOT
stacked-area	stacked area chart	堆叠面积图	composition stream	temporal	composition over time	ordered; compositional	general; soil	ggplot2	geom_area position stack	canonical	middle layers lack baseline; totals and closure	R-GGPLOT
streamgraph	streamgraph	流图	theme river	temporal	changing composition	ordered; compositional	general	streamgraph; ggstream	geom_stream	caution	caution: wiggle baseline impairs absolute reading	R-CTV-DYNAMICVISUALIZATIONS
horizon-chart	horizon graph	地平线图	horizon plot	temporal	many dense time series	ordered	climate; environmental	horizon; ggHoriPlot	custom	niche	folding and color bands require legend	R-CTV-DYNAMICVISUALIZATIONS
lasagna-plot	lasagna plot	千层面图	time by subject heatmap	temporal	many repeated trajectories	repeated	general; soil	ggplot2	geom_raster	domain-standard	row ordering and missing color	R-GGPLOT
calendar-heatmap	calendar heatmap	日历热图	calendar plot	temporal	daily patterns	ordered	climate; hydrology	calendR; ggplot2	geom_tile	canonical	calendar convention and missing days	R-CTV-HYDRO
event-timeline	event timeline	事件时间线	chronology plot	temporal	events and interventions	ordered	general; soil	ggplot2	geom_segment; geom_point	canonical	overlap and uncertain dates	R-GGPLOT
gantt-chart	Gantt chart	甘特图	interval timeline	temporal	project/experiment schedule	ordered intervals	general	ggplot2	geom_segment; geom_rect	canonical	not a quantitative outcome plot	R-GGPLOT
phenology-wheel	phenology wheel	物候轮图	seasonal wheel	temporal	cyclic seasonal events	cyclic	ecology; agronomy	phenopix; ggplot2 coord_polar	custom	domain-standard	polar comparison and year alignment	R-CTV-AGRI
seasonal-subseries	seasonal subseries plot	季节子序列图	month plot	temporal	seasonality across years	ordered	climate; hydrology	forecast; ggplot2	monthplot; facet	canonical	calendar vs hydrological year	R-CTV-HYDRO
autocorrelation-plot	autocorrelation plot	自相关图	ACF	temporal	temporal dependence	time series	general; soil	stats; forecast	acf	canonical	confidence bands assume conditions; detrending	R-CTV-HYDRO
partial-autocorrelation	partial autocorrelation plot	偏自相关图	PACF	temporal	time-series lag structure	time series	general	stats	pacf	canonical	model and stationarity context	R-CTV-HYDRO
lag-plot	lag plot	滞后图	serial scatter	temporal	autocorrelation/nonlinearity	time series	general; environmental	stats; ggplot2	lag.plot; geom_point	canonical	lag and missing handling	R-CTV-HYDRO
change-point-plot	change-point plot	变点图	segmented timeline	temporal	regime shifts	time series	climate; soil	changepoint; segmented	plot plus intervals	domain-standard	algorithm, penalty and uncertainty	R-CTV-ENV
control-chart	control chart	控制图	Shewhart chart	temporal	process monitoring	ordered process	laboratory; environmental	qcc	qcc	domain-standard	limits are process-based not specification limits	R-CTVS
run-chart	run chart	运行图	run sequence plot	temporal	process stability	ordered process	laboratory	ggplot2	geom_line plus median	canonical	run rules and baseline period	R-CTVS
survival-km	Kaplan-Meier curve	Kaplan–Meier 曲线	survival curve	temporal	time-to-event	censored	general; ecotoxicology	survival; ggsurvfit	survfit; ggsurvfit	domain-standard	censor marks, risk table, competing risks	R-CTVS
cumulative-incidence	cumulative incidence curve	累积发生曲线	competing risks curve	temporal	competing events	censored	general	cmprsk; tidycmprsk	cuminc	domain-standard	not 1-KM when competing risks	R-CTVS
swimmer-plot	swimmer plot	泳道图	individual duration plot	temporal	individual event histories	censored; repeated	general; ecotoxicology	ggplot2	geom_segment plus points	domain-standard	many subjects and censor/event symbols	R-GGPLOT
lexis-diagram	Lexis diagram	Lexis 图	age-period-cohort diagram	temporal	cohort trajectories	cohort	population ecology	Epi; LexisPlotR	Lexis; plot	niche	age/time coordinate definitions	R-CTVS
state-sequence	state sequence plot	状态序列图	sequence index plot	temporal	categorical trajectories	repeated categorical	general; agronomy	TraMineR	seqIplot	domain-standard	state ordering and many sequences	R-CTVS
alluvial-plot	alluvial plot	冲积图	flow bands	flow	category transitions	longitudinal; flow	general; soil	ggalluvial	geom_alluvium	domain-standard	IDs and flow conservation; crossings	R-GGPLOT
sankey-diagram	Sankey diagram	桑基图	flow diagram	flow	mass/energy/category flow	flow	biogeochemistry; general	networkD3; plotly; ggalluvial	sankeyNetwork; custom	domain-standard	mass balance, units and path order	R-CTV-DYNAMICVISUALIZATIONS
parallel-sets	parallel sets	平行集合图	categorical parallel coordinates	flow	multidimensional categorical flow	independent	general	ggforce	geom_parallel_sets	domain-standard	category order and ribbon crossings	R-GGPLOT
chord-diagram	chord diagram	弦图	circos links	flow	pairwise flows/interactions	network	microbiome; biogeochemistry	circlize	chordDiagram	domain-standard	many chords obscure direction and magnitude	R-CTVS
riverplot	river plot	河流图	flow network	flow	flows through nodes	directed flow	general; omics	riverplot	riverplot	niche	layout and conserved quantities	R-CTVS
pie-chart	pie chart	饼图	sector chart	composition	part-to-whole	compositional	general	ggplot2; graphics	coord_polar; pie	caution	caution: angle/area comparison poor; few large parts only	R-GGPLOT
donut-chart	donut chart	环形图	doughnut chart	composition	part-to-whole	compositional	general	ggplot2	coord_polar plus x limits	caution	caution: less area and same comparison problems as pie	R-GGPLOT
waffle-chart	waffle chart	华夫图	unit grid	composition	part-to-whole discrete units	compositional	general	waffle	geom_waffle	niche	rounding and grid unit definition	R-CTVS
pictogram-chart	pictogram chart	象形单位图	isotype	composition	part-to-whole counts	integer counts	general	ggimage; waffle	custom	niche	icon area and rounding; accessibility	R-CTVS
treemap	treemap	矩形树图	nested area map	hierarchy	part-to-whole hierarchy	hierarchical	general; ecology	treemapify; treemap	geom_treemap	domain-standard	area comparison, hierarchy depth and labels	R-CTVS
sunburst	sunburst chart	旭日图	radial hierarchy	hierarchy	hierarchical composition	hierarchical	general; taxonomy	plotly; sunburstR	plot_ly type sunburst	domain-standard	radial area and deep hierarchy difficult	R-CTV-DYNAMICVISUALIZATIONS
icicle-plot	icicle plot	冰柱图	rectangular hierarchy	hierarchy	hierarchical composition	hierarchical	general	plotly; partition	icicle	domain-standard	ordering and area encoding	R-CTV-DYNAMICVISUALIZATIONS
marimekko	Marimekko plot	马赛克矩形图	mosaic bar; mekko	composition	two-way composition	categorical	general	ggmosaic	geom_mosaic	domain-standard	both width and height encode proportions	R-GGPLOT
mosaic-plot	mosaic plot	马赛克图	contingency mosaic	matrix	categorical association	contingency	general	vcd	mosaic	domain-standard	area and residual shading definitions	R-CTVS
association-plot	association plot	关联图	Cohen-Friendly association	matrix	contingency residuals	contingency	general	vcd	assoc	domain-standard	residual scale and sign	R-CTVS
fluctuation-diagram	fluctuation diagram	波动图	balloon contingency	matrix	contingency counts	contingency	general	vcd	fluctile	niche	area rather than radius; sparse cells	R-CTVS
heatmap	heatmap	热图	matrix heatmap	matrix	matrix pattern	multivariate	general; soil	ggplot2; ComplexHeatmap	geom_tile; Heatmap	canonical	ordering, scaling, missing and color limits	R-COMPLEXHEATMAP
clustered-heatmap	clustered heatmap	聚类热图	heatmap with dendrogram	matrix	clusters and matrix patterns	multivariate	soil; microbiome	ComplexHeatmap	Heatmap	domain-standard	distance, linkage, scaling and cut	R-COMPLEXHEATMAP
annotated-heatmap	annotated heatmap	注释热图	complex heatmap	matrix	multi-layer matrix	multivariate	soil; omics	ComplexHeatmap	HeatmapAnnotation	domain-standard	annotation legends and consistent samples	R-COMPLEXHEATMAP
dot-heatmap	dot heatmap	点阵热图	bubble matrix; balloon plot	matrix	two metrics on matrix	multivariate	microbiome; soil	ggplot2	geom_point	canonical	area/colour scale, zero vs missing	R-GGPLOT
distance-matrix	distance matrix heatmap	距离矩阵热图	dissimilarity heatmap	matrix	pairwise distances	multivariate	ecology; soil	ComplexHeatmap; vegan	Heatmap	canonical	distance definition and ordering	R-VEGAN
confusion-matrix	confusion matrix heatmap	混淆矩阵图	classification matrix	matrix	classification performance	validation	general; soil	yardstick; ggplot2	conf_mat; autoplot	domain-standard	counts vs row/column normalization	R-CTVS
hinton-diagram	Hinton diagram	辛顿图	weight matrix glyph	matrix	matrix weights/signs	multivariate	general	plot.matrix; custom	custom	niche	area and sign legend	R-CTVS
upset-plot	UpSet plot	UpSet 集合图	intersection matrix	set	set intersections	sets	general; omics	ComplexUpset; UpSetR	upset	domain-standard	set universe and empty intersections	R-COMPLEXHEATMAP
venn-diagram	Venn diagram	维恩图	set circles	set	set intersections	sets	general	ggVennDiagram; VennDiagram	ggVennDiagram	canonical	more than 3 sets and non-area-proportional layouts	R-CTVS
euler-diagram	Euler diagram	欧拉图	area proportional sets	set	set intersections	sets	general	eulerr	plot.euler	domain-standard	fit error and area perception	R-CTVS
oncoprint	OncoPrint	肿瘤突变矩阵图	alteration matrix	matrix	multi-event sample matrix	multivariate	omics; environmental mixtures	ComplexHeatmap	oncoPrint	domain-standard	adaptation outside genomics must define event glyphs	R-COMPLEXHEATMAP
node-link-network	node-link network	节点—连线网络图	graph plot	network	relationship topology	network	soil-biology; general	igraph; ggraph	ggraph; geom_edge_link	domain-standard	layout not data; threshold and seed	R-CTVS
directed-network	directed network	有向网络图	digraph	network	directional interactions	directed network	biogeochemistry; ecology	igraph; ggraph	geom_edge_link arrow	domain-standard	arrows, feedback, causality limits	R-CTVS
weighted-network	weighted network	加权网络图	weighted graph	network	interaction strength	weighted network	soil-biology	igraph; ggraph	edge_width scales	domain-standard	weight sign, transform and stability	R-CTVS
bipartite-network	bipartite network	二分网络图	two-mode network	network	two-level interactions	bipartite	ecology	bipartite; ggraph	plotweb; ggraph	domain-standard	sampling effort and level order	R-CTV-ENV
arc-diagram	arc diagram	弧线图	linear network arcs	network	network along ordered nodes	network	general	ggraph	geom_edge_arc	niche	node ordering determines crossings	R-GGPLOT
hive-plot	hive plot	蜂巢网络图	deterministic network layout	network	network comparison	network	general	HiveR	plotHive	niche	axis assignment rules must be defined	R-CTVS
adjacency-matrix	adjacency matrix plot	邻接矩阵图	network matrix	network	dense networks	network	soil-biology	ComplexHeatmap; igraph	Heatmap	canonical	ordering and direction	R-COMPLEXHEATMAP
network-small-multiples	network small multiples	网络小倍图	temporal network panels	network	network change	temporal network	ecology	ggraph; patchwork	fixed layout panels	domain-standard	fix node positions/scale across panels	R-CTVS
dendrogram	dendrogram	树状聚类图	cluster tree	hierarchy	cluster hierarchy	multivariate	general; soil	stats; dendextend	hclust; plot	canonical	distance/linkage and leaf order	R-CTVS
phylogram	phylogram	系统发育树图	phylogenetic tree	hierarchy	evolutionary relationships	phylogenetic	soil-biology	ggtree; ape	ggtree	domain-standard	root, branch length and support	R-GGTREE
fan-tree	fan phylogenetic tree	扇形系统发育树	circular tree	hierarchy	many taxa hierarchy	phylogenetic	microbiome	ggtree	layout circular	domain-standard	labels/rings overcrowd; radial comparison	R-GGTREE
unrooted-tree	unrooted phylogenetic tree	无根系统发育树	unrooted tree	hierarchy	phylogenetic relationships	phylogenetic	microbiome	ggtree; ape	layout unrooted	domain-standard	does not imply ancestry direction	R-GGTREE
tree-heatmap	phylogenetic tree with heatmap	树—热图组合	gheatmap	hierarchy	taxa traits/abundance	phylogenetic	microbiome	ggtree; ggtreeExtra	gheatmap; geom_fruit	composite	tip order and sample alignment	R-GGTREE
tanglegram	tanglegram	纠缠树图	paired dendrograms	hierarchy	compare trees	two hierarchies	general; ecology	dendextend	tanglegram	domain-standard	leaf matching and entanglement metric	R-CTVS
cophylogeny-plot	cophylogeny plot	共系统发育图	host-parasite tree links	hierarchy	compare linked phylogenies	paired phylogenies	ecology	ape	cophyloplot	domain-standard	links and tree orientation	R-CTV-ENV
heat-tree	heat tree	热树图	taxonomic heat tree	hierarchy	taxonomic abundance/difference	taxonomic	microbiome; soil	metacoder	heat_tree	domain-standard	color/size metrics and multiple testing	P-METACODER
sample-location-map	sample location map	采样点位图	sampling map	spatial	sampling design; context	spatial	soil; environmental	sf; tmap	geom_sf; tm_symbols	domain-standard	CRS, support, accessibility and overlapping points	R-CTV-SPATIAL
choropleth-map	choropleth map	分区设色图	thematic polygon map	spatial	areal values	spatial areal	soil; environmental	sf; tmap	geom_sf; tm_polygons	canonical	rates vs counts, class breaks and area bias	R-CTV-SPATIAL
proportional-symbol-map	proportional symbol map	比例符号地图	bubble map	spatial	point/area magnitude	spatial	soil; environmental	sf; tmap	geom_sf size; tm_symbols	canonical	scale area not radius and overlap	R-CTV-SPATIAL
dot-density-map	dot density map	点密度地图	dot map	spatial	areal counts as dots	spatial areal	general	tmap; sf	custom dots	domain-standard	dots are allocated symbols not exact events unless observed	R-CTV-SPATIAL
raster-map	raster map	栅格地图	continuous grid map	spatial	continuous surface	spatial raster	soil; remote-sensing	terra; stars; tidyterra	plot; geom_stars; geom_spatraster	domain-standard	resolution, NoData, resampling and color limits	R-CTV-SPATIAL
categorical-raster-map	categorical raster map	分类栅格图	land-cover/class map	spatial	classes	spatial raster	soil; remote-sensing	terra; tmap	tm_raster col.scale categorical	domain-standard	nearest-neighbor resampling and class palette	R-CTV-SPATIAL
contour-map	contour map	等值线图	isoline map	spatial	continuous surface	spatial raster	soil; environmental	ggplot2; terra	geom_contour; contour	domain-standard	interpolation source, interval and labels	R-CTV-SPATIAL
filled-contour-map	filled contour map	填色等值线图	isopleth map	spatial	continuous surface	spatial raster	soil; environmental	ggplot2; terra	geom_contour_filled	domain-standard	discrete bands vs continuous values	R-CTV-SPATIAL
hillshade-map	hillshade map	地形晕渲图	shaded relief	spatial	terrain context	spatial raster	geoscience	terra; rayshader	shade; terrain	domain-standard	illumination is not measured value; avoid obscuring data	R-CTV-SPATIAL
terrain-map	terrain elevation map	地形高程图	DEM map	spatial	terrain/elevation	spatial raster	soil; geoscience	terra; tmap	tm_raster	domain-standard	vertical datum, projection and palette	R-CTV-SPATIAL
slope-aspect-map	slope/aspect map	坡度/坡向图	terrain derivatives	spatial	terrain controls	spatial raster	soil; hydrology	terra	terrain	domain-standard	aspect is cyclic; flat cells and units	R-CTV-SPATIAL
vector-field-map	vector field map	矢量场地图	quiver plot	spatial	direction and magnitude	spatial field	hydrology; atmosphere	ggplot2; metR	geom_vector; geom_arrow	domain-standard	projection, vector scaling and density	R-CTV-SPATIAL
flow-map	flow map	流向地图	movement map	spatial	origin-destination flow	spatial network	hydrology; general	ggraph; sf; stplanr	curved segments	domain-standard	direction, width scale and route meaning	R-CTV-SPATIAL
kernel-density-map	spatial kernel density map	空间核密度图	hotspot density	spatial	point intensity	point pattern	soil; ecology	spatstat; ggplot2	density.ppp; stat_density_2d	domain-standard	bandwidth, edge correction and effort	R-CTV-SPATIAL
hotspot-map	hotspot/LISA map	热点/LISA 图	local Moran map	spatial	local spatial association	areal/point	soil; environmental	spdep; sf	localmoran plus geom_sf	domain-standard	weights, multiplicity and significance	R-CTV-SPATIAL
cartogram	cartogram	变形地图	value-by-area map	spatial	areal magnitude	spatial areal	general	cartogram; tmap	cartogram_cont	niche	distorted geography and recognition	R-CTV-SPATIAL
hex-tile-map	hex tile map	六边形瓦片地图	hex cartogram	spatial	equal-area region comparison	spatial areal	general	geogrid; ggplot2	calculate_grid plus geom_polygon	niche	loses exact geography	R-CTV-SPATIAL
bivariate-map	bivariate choropleth	双变量分区图	bivariate map	spatial	two spatial variables	spatial	soil; environmental	biscale; tmap	bi_class; bi_scale_fill	domain-standard	2D legend, low class count and break sensitivity	R-CTV-SPATIAL
uncertainty-map	uncertainty map	不确定性地图	prediction SD/entropy map	spatial-prediction	prediction uncertainty	spatial model	soil; environmental	terra; tmap	map model uncertainty	domain-standard	name uncertainty type; not accuracy certificate	P-DSM-UNCERTAINTY-2024
prediction-map	prediction map	预测地图	modelled surface	spatial-prediction	spatial prediction	spatial model	soil; environmental	terra; tmap	predict then map	domain-standard	show observations, validation, uncertainty and extrapolation	R-CTV-SPATIAL
residual-map	spatial residual map	空间残差图	prediction error map	spatial-prediction	model diagnostics	spatial validation	soil; environmental	sf; terra	geom_sf; raster map	domain-standard	use held-out residuals where possible	R-CTV-SPATIAL
applicability-domain-map	area of applicability map	适用域地图	AOA; dissimilarity index map	spatial-prediction	extrapolation/applicability	spatial model	soil; environmental	CAST	aoa; plot	recent-domain-use	threshold and training feature space	R-CAST
spatial-cv-map	spatial cross-validation folds	空间交叉验证分区图	block CV map	spatial-prediction	validation design	spatial model	soil; environmental	blockCV; CAST; mlr3spatiotempcv	cv blocks	domain-standard	fold leakage, buffer and spatial scale	R-CAST
variogram	empirical variogram	经验变异函数图	semivariogram	spatial-prediction	spatial autocorrelation	spatial	soil; geostatistics	gstat	variogram; plot	domain-standard	lag, cutoff, pairs and estimator	R-GSTAT
fitted-variogram	fitted variogram	拟合变异函数图	variogram model	spatial-prediction	spatial model	spatial	soil; geostatistics	gstat	fit.variogram	domain-standard	nugget/sill/range and fit method	R-GSTAT
directional-variogram	directional variogram	方向变异函数图	anisotropic variogram	spatial-prediction	anisotropy	spatial	soil; geostatistics	gstat	variogram alpha	domain-standard	direction convention and tolerance	R-GSTAT
variogram-cloud	variogram cloud	变异函数云图	pairwise semivariance cloud	spatial-prediction	outliers/nonstationarity	spatial	soil; geostatistics	gstat	variogram cloud	niche	many pairs and distance units	R-GSTAT
cross-variogram	cross-variogram	交叉变异函数图	cross semivariogram	spatial-prediction	co-regionalization	multivariate spatial	soil; geostatistics	gstat	variogram multivariable	domain-standard	valid covariance model and signs	R-GSTAT
depth-slice-maps	depth-slice map small multiples	深度切片地图组	soil depth maps	spatial-profile	space-depth variation	spatial profile	soil	terra; stars; patchwork	aligned rasters	recent-domain-use	common color limits and depth support	P-SOIL-LANDSCAPE-2025
soil-cross-section	soil property cross-section	土壤属性剖面截面图	transect section	spatial-profile	space-depth variation	transect profile	soil	ggplot2; terra	geom_raster; geom_contour	domain-standard	distance/depth scale, interpolation and vertical exaggeration	P-SOIL-LANDSCAPE-2025
space-time-cube	space-time cube	时空立方体	3D spatiotemporal cube	spatial-temporal	space-time pattern	spatiotemporal	environmental; soil	stars; plotly; rgl	cube rendering	niche	occlusion and projection; provide slices	R-CTV-SPATIAL
hovmoller-diagram	Hovmöller diagram	霍夫默勒图	time-latitude/depth raster	spatial-temporal	space/depth over time	spatiotemporal	climate; soil-water	ggplot2; stars	geom_raster	domain-standard	axis direction, aggregation and missing	R-CTV-HYDRO
geofacet-map	geofaceted small multiples	地理分面图	geofacet	spatial	regional small multiples	spatial grouped	general	geofacet	facet_geo	niche	approximate layout; not a geographic map	R-CTV-SPATIAL
scatterpie-map	spatial scatterpie map	空间饼图符号地图	pie glyph map	spatial-composition	composition at locations	spatial compositional	soil; microbiome	scatterpie	geom_scatterpie	domain-standard	pie comparison, overlap and radius scaling	R-CTV-SPATIAL
scatterbar-map	spatial scatterbar map	空间条形符号地图	bar glyph map	spatial-composition	composition at locations	spatial compositional	soil; microbiome	scatterbar	scatterbar	recent-domain-use	new software; dense coordinates and glyph size	P-SCATTERBAR-2025
soil-profile-sketch	soil profile sketch	土壤剖面草图	pedon sketch	profile	horizon sequence and properties	profile	soil	aqp	plotSPC	domain-standard	horizon boundaries, truncation and depth direction	R-AQP-PLOT
grouped-soil-profiles	grouped soil profile plot	分组土壤剖面图	profile collection plot	profile	compare profile groups	profile grouped	soil	aqp	groupedProfilePlot	domain-standard	group ordering and uneven profile depth	R-AQP
soil-depth-profile	soil property depth profile	土壤属性深度曲线	vertical profile	profile	property by depth	profile; repeated	soil	ggplot2; aqp	geom_step; geom_line	domain-standard	depth downward, interval support and within-profile dependence	R-AQP
mass-preserving-spline-profile	mass-preserving spline profile	等质量保持样条深度图	MPS depth function	profile	continuous depth function	profile model	soil	mpspline2; ggplot2	mpspline then plot	domain-standard	spline assumptions and standard depth intervals	R-AQP
depth-property-heatmap	depth-property heatmap	深度—属性热图	profile heatmap	profile	many profiles/properties by depth	profile multivariate	soil	ComplexHeatmap; ggplot2	Heatmap; geom_tile	domain-standard	depth gaps, standardization and ordering	R-COMPLEXHEATMAP
soil-texture-triangle	soil texture triangle	土壤质地三角图	USDA/FAO texture plot	composition	texture classification	compositional	soil	soiltexture; ggsoiltexture; ggtern	TT.plot; ggtern	domain-standard	particle-size system and class version	R-SOILTEXTURE
soil-color-profile	soil color profile	土色剖面图	Munsell profile	profile	color by horizon	profile	soil	aqp; munsell	munsell2rgb plus plotSPC	domain-standard	moist/dry state and color conversion	R-AQP
catena-diagram	soil catena diagram	土壤链/坡面序列图	toposequence	profile	landscape-profile relationship	transect profiles	soil	ggplot2; aqp; patchwork	custom composite	domain-standard	horizontal positions, elevation and profile correspondence	R-AQP
stratigraphic-log	stratigraphic log	地层柱状图	lithologic column	profile	layer sequence through depth/age	stratigraphic	geology; soil	ggplot2; deeptime	custom geom_rect	domain-standard	age/depth direction, unconformities and symbols	R-CTVS
particle-size-cumulative	particle-size cumulative curve	粒径累计曲线	PSD cumulative	soil-physics	particle-size distribution	independent; repeated	soil	ggplot2	geom_line	canonical	log diameter and cumulative convention	R-CTVS
pore-size-distribution	pore-size distribution	孔径分布图	PSD pore	distribution	pore structure	independent	soil	ggplot2	density/cumulative	domain-standard	conversion model and resolution limit	R-CTVS
water-retention-curve	soil water retention curve	土壤水分特征曲线	pF curve; SWRC	soil-physics	water retention model	model-based	soil	soilwater; soilhypfit; ggplot2	model fit plus geom_line	domain-standard	pressure convention, log scale, measured vs fit	R-CTVS
hydraulic-conductivity-curve	hydraulic conductivity curve	导水率曲线	K-h; K-theta	soil-physics	hydraulic function	model-based	soil	soilwater; soilhypfit; ggplot2	fit plus line	domain-standard	units, log zeros and model range	R-CTVS
infiltration-curve	infiltration curve	入渗曲线	cumulative infiltration	soil-physics	infiltration over time	repeated time	soil; hydrology	HydroMe; ggplot2	fit plus points	domain-standard	separate cumulative and rate; model form	R-CTV-HYDRO
breakthrough-curve	breakthrough curve	穿透曲线	C/C0 curve	soil-physics	solute transport	time series	soil; hydrology	ggplot2	geom_line plus points	domain-standard	pore volume/time and censoring	R-CTV-HYDRO
penetration-resistance-profile	penetration resistance profile	贯入阻力深度图	penetrometer profile	profile	compaction by depth	profile repeated	soil	ggplot2	geom_line; ribbon	domain-standard	soil moisture, sensor limit and dependence	R-AQP
aggregate-size-composition	aggregate-size composition plot	团聚体粒级组成图	aggregate fractions	composition	aggregate stability	compositional	soil	ggplot2	stacked bar; ternary	domain-standard	closure, sieve classes and recovery	R-CTV-COMP
soil-moisture-depth-time	soil moisture depth-time heatmap	土壤水分深度—时间热图	profile Hovmoller	spatial-temporal	water dynamics	depth-time repeated	soil	ggplot2; stars	geom_raster	domain-standard	sensor depths, interpolation and missing	R-CTV-HYDRO
soil-gas-flux-series	soil gas flux time series	土壤气体通量时序图	GHG flux plot	temporal	flux dynamics	repeated	soil; biogeochemistry	ggplot2; ConFluxPro	geom_point; line; ribbon	domain-standard	negative flux, events and chamber replicates	R-CTV-ENV
cumulative-emissions	cumulative emissions curve	累积排放曲线	cumulative flux	temporal	integrated emissions	repeated	soil; biogeochemistry	ggplot2	geom_line; ribbon	domain-standard	integration, gaps and covariance	R-CTV-ENV
incubation-kinetics	incubation kinetic curve	培养动力学曲线	mineralization curve	relationship	process kinetics	repeated model	soil; biogeochemistry	SoilR; nls; ggplot2	fit plus points	domain-standard	cumulative vs rate and parameter uncertainty	R-CTVS
adsorption-isotherm	adsorption isotherm	吸附等温线	Langmuir/Freundlich plot	relationship	adsorption model	model-based	soil; chemistry	nls; minpack.lm; ggplot2	fit plus residuals	domain-standard	fit nonlinear model directly; concentration units	R-CTVS
dose-response-curve	dose-response curve	剂量—响应曲线	fertilizer response	relationship	response to dose	designed gradient	soil; agronomy	drc; nls; ggplot2	model fit	domain-standard	model range, optimum and extrapolation	R-CTV-AGRI
cate-nelson-plot	Cate-Nelson plot	Cate–Nelson 临界值图	quadrant calibration	relationship	soil test calibration	calibration	soil; agronomy	soiltestcorr; ggplot2	calibration plot	domain-standard	threshold uncertainty and validation	P-SOIL-R-2025
piper-diagram	Piper diagram	Piper 水化学图	trilinear diagram	composition	major-ion hydrochemistry	compositional	soil-water; geochemistry	hydrogeo	piper	domain-standard	use milliequivalent proportions and define projection	R-CTVS
schoeller-diagram	Schoeller diagram	Schoeller 图	semilog ion profile	composition	compare major ions	compositional	geochemistry; hydrology	hydrogeo; ggplot2	schoeller; geom_line	domain-standard	ion order, equivalent units and log scale	R-CTVS
stiff-diagram	Stiff diagram	Stiff 图	water chemistry polygon	composition	water chemistry signature	compositional	geochemistry	hydrogeo	stiff	domain-standard	meq/L axes and spatial glyph overlap	R-CTVS
durov-diagram	Durov diagram	Durov 图	extended hydrochemical diagram	composition	water chemistry facies	compositional	geochemistry	hydrogeo	durov	domain-standard	facies definitions and equivalent units	R-CTVS
gibbs-diagram	Gibbs diagram	Gibbs 图	water chemistry mechanism plot	relationship	hydrogeochemical controls	independent	geochemistry	ggplot2	geom_point plus regions	domain-standard	mechanistic regions are heuristic	R-CTVS
rank-abundance	rank-abundance curve	等级—丰度曲线	Whittaker plot	ecology	community dominance/evenness	community	ecology; soil-biology	vegan; BiodiversityR	rankabundance	domain-standard	taxonomic resolution and sampling effort	R-VEGAN
species-abundance-distribution	species abundance distribution	物种丰度分布图	SAD	ecology	community abundance distribution	community	ecology	vegan; sads	hist/density/model	domain-standard	binning and model comparison	R-CTV-ENV
species-accumulation	species accumulation curve	物种累积曲线	collector curve	ecology	richness vs effort	community sampling	ecology; soil-biology	vegan	specaccum	domain-standard	randomization and effort unit	R-VEGAN
rarefaction-curve	rarefaction curve	稀释曲线	sample-size rarefaction	ecology	richness vs sampling	community sampling	microbiome; ecology	vegan; iNEXT	rarecurve; ggiNEXT	domain-standard	interpolation vs extrapolation and endpoint	R-VEGAN
coverage-rarefaction	coverage-based rarefaction	覆盖度稀释/外推图	sample coverage curve	ecology	diversity vs completeness	community sampling	microbiome; ecology	iNEXT	ggiNEXT	domain-standard	coverage axis differs from sample size	R-CTV-ENV
alpha-diversity-plot	alpha diversity raw-data plot	α 多样性图	within-sample diversity	ecology	within-sample diversity	independent; nested	microbiome; soil	phyloseq; vegan; ggplot2	estimate_richness plus points	domain-standard	sequencing depth, metric and experiment unit	R-PHYLOSEQ
beta-dispersion-plot	beta dispersion plot	β 离散度图	distance to centroid	ecology	multivariate dispersion	multivariate	microbiome; ecology	vegan	betadisper; boxplot	domain-standard	group dispersion affects PERMANOVA interpretation	R-VEGAN
permanova-effect-plot	PERMANOVA effect summary	PERMANOVA 效应汇总图	R2 interval plot	effect-uncertainty	multivariate group effects	multivariate	microbiome; ecology	vegan; ggplot2	adonis2 results plus interval	niche	permutation design and dispersion; P alone insufficient	R-VEGAN
envfit-ordination	ordination with environmental vectors	环境向量排序图	envfit biplot	multivariate	environment-community associations	multivariate	ecology; soil	vegan	envfit; plot	domain-standard	arrow scaling, multiplicity and non-causal association	R-VEGAN
fourth-corner-heatmap	fourth-corner heatmap	第四角热图	trait-environment association matrix	matrix	trait-environment association	multitable	ecology	ade4; mvabund; ComplexHeatmap	fourthcorner plus Heatmap	domain-standard	permutation scheme and multiplicity	R-CTV-ENV
co-inertia-plot	co-inertia plot	协惯量分析图	co-structure ordination	multivariate	coupled tables	multitable	ecology; soil	ade4	coinertia; plot	domain-standard	scaling and table weights	R-CTV-ENV
procrustes-plot	Procrustes plot	Procrustes 配置比较图	ordination comparison	multivariate	compare ordinations	paired multivariate	ecology; microbiome	vegan	procrustes; protest	domain-standard	arrows show mismatch; rotation arbitrary	R-VEGAN
microbiome-composition	microbiome composition plot	微生物组组成图	relative abundance bars	composition	taxonomic composition	compositional	microbiome; soil	phyloseq; microViz	plot_bar; comp_barplot	domain-standard	relative not absolute; filtering/order rules	R-MICROVIZ
prevalence-abundance	prevalence-abundance plot	出现率—丰度图	occupancy-abundance scatter	relationship	feature filtering/core taxa	multivariate	microbiome; ecology	phyloseq; ggplot2	custom scatter	domain-standard	prevalence threshold and zero definition	R-PHYLOSEQ
taxonomic-tree-bar	taxonomic tree with abundance bars	分类树—丰度条组合图	phylogeny abundance panel	hierarchy	taxonomy plus abundance	taxonomic	microbiome	ggtree; ggtreeExtra	geom_fruit	composite	tip/sample alignment and scale	R-GGTREE
differential-abundance-effect	differential abundance effect plot	差异丰度效应图	log fold-change interval	effect-uncertainty	feature effects	multivariate model	microbiome; omics	ggplot2; model package	geom_pointrange	domain-standard	compositional method, multiplicity and shrinkage	R-BIOC
ma-plot	MA plot	MA 图	mean-difference plot	omics	abundance-dependent effects	multivariate model	omics; microbiome	DESeq2; limma	plotMA	domain-standard	adjusted significance and count scale	R-BIOC
volcano-plot	volcano plot	火山图	effect vs significance	omics	feature screening	multivariate model	omics; microbiome	EnhancedVolcano; ggplot2	geom_point	domain-standard	P-axis dominates; thresholds/multiplicity; label bias	R-BIOC
manhattan-plot	Manhattan plot	曼哈顿图	genome-wide association plot	omics	genome-wide signals	genomic	genetics; soil organisms	qqman; CMplot	manhattan	domain-standard	chromosome order, threshold and inflation	P-GENOMIC-TAXONOMY
miami-plot	Miami plot	迈阿密图	back-to-back Manhattan	omics	compare two GWAS	genomic	genetics	CMplot; custom ggplot	custom	domain-standard	shared scale and direction	P-GENOMIC-TAXONOMY
regional-association	regional association plot	区域关联图	LocusZoom plot	omics	locus context	genomic	genetics	locuszoomr	locuszoom	domain-standard	LD reference population and genomic build	P-GENOMIC-TAXONOMY
karyogram	karyogram	核型图	ideogram	omics	chromosome-level locations	genomic	genetics	karyoploteR; ggbio	plotKaryotype	domain-standard	genome build and chromosome scale	P-GENOMIC-TAXONOMY
circos-plot	Circos plot	Circos 环形基因组图	circular genome plot	omics	genome links/multitracks	genomic	omics	circlize	circos.*	domain-standard	radial comparison and overcrowding; genome build	P-GENOMIC-TAXONOMY
genome-track	genome track plot	基因组轨道图	browser track	omics	features along genome	genomic	omics	Gviz; ggbio	plotTracks	domain-standard	coordinate build, strand and track scales	P-GENOMIC-TAXONOMY
sashimi-plot	Sashimi plot	Sashimi 剪接图	splice junction arc plot	omics	alternative splicing	genomic	omics	Gviz; rmats2sashimiplot	custom	domain-standard	read normalization and junction counts	P-GENOMIC-TAXONOMY
sequence-logo	sequence logo	序列标识图	motif logo	omics	position-wise sequence pattern	aligned sequences	omics	ggseqlogo	ggseqlogo	domain-standard	information vs probability scale and background	P-GGSEQLOGO
mutation-lollipop	mutation lollipop plot	突变棒棒糖图	protein mutation plot	omics	mutation positions	genomic/protein	omics	maftools; g3viz	lollipopPlot	domain-standard	protein isoform and count/impact encoding	P-GENOMIC-TAXONOMY
copy-number-segment	copy-number segment plot	拷贝数分段图	CNV profile	omics	copy-number along genome	genomic	omics	DNAcopy; ggbio	segments plot	domain-standard	baseline, ploidy and segmentation method	P-GENOMIC-TAXONOMY
fishplot	fish plot	鱼图	clonal evolution plot	flow	clonal composition over time	temporal composition	omics	fishplot	fishPlot	domain-standard	clonal nesting and uncertainty	R-BIOC
muller-plot	Muller plot	Muller 演化图	population lineage area plot	flow	lineage frequency over time	temporal composition	evolution; microbiome	ggmuller	Muller plot	domain-standard	parent-child topology and closure	R-CTVS
enrichment-dotplot	enrichment dot plot	富集点图	pathway bubble plot	matrix	gene-set enrichment summary	multivariate	omics; microbiome	clusterProfiler; enrichplot	dotplot	domain-standard	gene ratio, universe, multiplicity and redundancy	R-BIOC
enrichment-map	enrichment map	富集网络图	gene-set similarity network	network	related enriched sets	network	omics	clusterProfiler; enrichplot	emapplot	domain-standard	similarity threshold and redundant terms	R-BIOC
cnetplot	category-gene network	类别—基因网络图	cnetplot	network	genes linked to enriched sets	bipartite	omics	enrichplot	cnetplot	domain-standard	network size and gene-set selection	R-BIOC
gsea-running-score	GSEA running-score plot	GSEA 运行富集得分图	enrichment curve	omics	ranked gene-set enrichment	ordered features	omics	enrichplot	gseaplot2	domain-standard	ranking metric, ES/NES and multiple testing	R-BIOC
hydrograph	hydrograph	流量过程线	streamflow time series	hydrology	flow over time	time series	hydrology; soil	ggplot2; hydroTSM	geom_line	domain-standard	time zone, gaps and log/linear flow	R-CTV-HYDRO
hyetograph	hyetograph	降雨过程图	precipitation bars	hydrology	precipitation intensity/time	time series	hydrology	ggplot2	geom_col	domain-standard	interval totals/intensity and alignment	R-CTV-HYDRO
hydrograph-hyetograph	aligned hydrograph and hyetograph	雨量—流量对齐面板	rainfall-runoff panels	hydrology	event response	time series	hydrology; soil	ggplot2; patchwork	aligned panels	composite	avoid unexplained dual axes; align time	R-CTV-HYDRO
flow-duration-curve	flow duration curve	流量历时曲线	exceedance curve	hydrology	flow exceedance	time series	hydrology	lfstat; ggplot2	fdc	domain-standard	record period, ties and log axis	R-CTV-HYDRO
rating-curve	rating curve	水位—流量关系曲线	stage-discharge curve	relationship	calibration/model	repeated model	hydrology	nls; ratingcurve; ggplot2	fit plus interval	domain-standard	hysteresis, extrapolation and uncertainty	R-CTV-HYDRO
double-mass-curve	double mass curve	双累积曲线	double-mass analysis	hydrology	consistency/change	cumulative time	hydrology; climate	ggplot2	geom_path	domain-standard	break interpretation and reference series	R-CTV-HYDRO
hysteresis-loop	hysteresis loop	迟滞环图	concentration-discharge loop	relationship	event path dependence	temporal paired	hydrology; soil	ggplot2	geom_path plus arrows	domain-standard	direction/time encoding and event segmentation	R-CTV-HYDRO
wind-rose	wind rose	风向玫瑰图	polar frequency plot	polar	directional frequency	cyclic	atmosphere; environmental	openair	windRose	domain-standard	calm winds, north convention and area	R-CTV-ENV
pollution-rose	pollution rose	污染玫瑰图	conditional polar plot	polar	concentration by direction/speed	cyclic	atmosphere; soil-dust	openair	pollutionRose	domain-standard	meteorology/confounding and binning	R-CTV-ENV
polar-annulus	polar annulus plot	极坐标环带图	polar time plot	polar	cyclic temporal patterns	cyclic time	atmosphere; climate	openair	polarAnnulus	niche	polar axes and aggregation	R-CTV-ENV
taylor-diagram	Taylor diagram	泰勒图	model skill diagram	model-diagnostic	model comparison	validation	climate; environmental	openair; plotrix	TaylorDiagram	domain-standard	correlation, SD and centered RMSE definitions	R-CTV-ENV
target-diagram	target diagram	目标图	bias-RMSD plot	model-diagnostic	model error comparison	validation	climate; environmental	metRology; ggplot2	custom	domain-standard	normalization and sign conventions	R-CTV-ENV
walter-lieth	Walter-Lieth climate diagram	Walter–Lieth 气候图	ombrothermic diagram	temporal	climate seasonality	monthly	climate; ecology	climatol; climatolplus	climatol plot	domain-standard	precipitation-temperature scaling convention	R-CTV-ENV
spectral-signature	spectral signature plot	光谱曲线图	reflectance spectrum	remote-sensing	reflectance by wavelength	spectral	soil; remote-sensing	hyperSpec; ggplot2	plot; geom_line	domain-standard	DN vs reflectance, wavelength and preprocessing	R-CTV-SPATIAL
derivative-spectrum	derivative spectrum	导数光谱图	first/second derivative spectrum	remote-sensing	spectral features	spectral	soil; chemometrics	prospectr; ggplot2	gapDer plus plot	domain-standard	smoothing/gap/window and noise amplification	R-CTV-CHEMPHYS
hyperspectral-cube	hyperspectral data cube	高光谱数据立方体	spectral cube	image-volume	space-wavelength data	spatial spectral	soil; remote-sensing	stars; terra; hyperSpec	cube/slices	domain-standard	band registration, bad bands and occlusion	R-CTV-SPATIAL
spectral-coefficient-plot	spectral coefficient plot	光谱系数图	wavelength loading/importance	model-diagnostic	model interpretation	model-based spectral	soil; remote-sensing	pls; ggplot2	coef/loading line	domain-standard	collinearity and validation stability	R-CTV-CHEMPHYS
observed-predicted	observed versus predicted plot	观测—预测图	parity plot	model-diagnostic	regression validation	validation	general; soil	ggplot2; yardstick	geom_point plus 1:1	canonical	held-out predictions, equal aspect and metrics	R-CTVS
residual-fitted	residuals versus fitted	残差—拟合值图	residual plot	model-diagnostic	model assumptions	model-based	general; soil	ggplot2; performance	check_model	domain-standard	model-family appropriate residuals	R-CTVS
scale-location	scale-location plot	尺度—位置图	spread-location	model-diagnostic	heteroscedasticity	model-based	general	stats; performance	plot.lm	domain-standard	transformation and smoother	R-CTVS
leverage-plot	residual leverage plot	残差—杠杆值图	influence plot	model-diagnostic	influential observations	model-based	general	stats; car	plot.lm; influencePlot	domain-standard	Cook contours and IDs without selective deletion	R-CTVS
cooks-distance	Cook's distance plot	Cook 距离图	influence stem	model-diagnostic	influence	model-based	general	stats	cooks.distance plot	domain-standard	threshold heuristic not automatic exclusion	R-CTVS
roc-curve	ROC curve	ROC 曲线	receiver operating characteristic	model-diagnostic	binary classification	validation	general; soil	pROC; yardstick	roc_curve	domain-standard	class imbalance and confidence; threshold choice	R-CTVS
precision-recall	precision-recall curve	精确率—召回率曲线	PR curve	model-diagnostic	imbalanced classification	validation	general; soil	yardstick; precrec	pr_curve	domain-standard	prevalence and baseline precision	R-CTVS
calibration-plot	calibration plot	校准图	reliability diagram	model-diagnostic	probability calibration	validation	general; soil	yardstick; probably	calibration	domain-standard	binning/smoother and test predictions	R-CTVS
decision-curve	decision curve analysis	决策曲线图	net benefit curve	model-diagnostic	decision utility	validation	general	rmda; dcurves	plot_decision_curve	domain-standard	threshold range and clinical/domain utility	R-CTVS
lift-gain	lift/gain chart	提升/增益图	cumulative gains	model-diagnostic	ranking performance	validation	general	yardstick; gains	custom	domain-standard	prevalence and sorting direction	R-CTVS
pdp-plot	partial dependence plot	部分依赖图	PDP	model-interpretation	average feature effect	model-based	soil; machine-learning	pdp; iml; DALEX	partial; plot	domain-standard	correlated features and extrapolation	R-CTVS
ice-plot	individual conditional expectation	个体条件期望图	ICE	model-interpretation	heterogeneous feature effects	model-based	soil; machine-learning	iml; pdp	FeatureEffect; partial ice	domain-standard	overplotting and impossible feature combinations	R-CTVS
ale-plot	accumulated local effects	累积局部效应图	ALE	model-interpretation	feature effects with correlation	model-based	soil; machine-learning	iml; ALEPlot	FeatureEffect ale	domain-standard	binning, sample support and centered scale	R-CTVS
variable-importance	variable importance plot	变量重要性图	VIP	model-interpretation	global feature importance	model-based	soil; machine-learning	vip; DALEX	vip; model_parts	domain-standard	metric, resampling and correlated features	R-CTVS
shap-beeswarm	SHAP beeswarm plot	SHAP 蜂群图	SHAP summary	model-interpretation	global local-contribution distribution	model-based	soil; machine-learning	shapviz	sv_importance kind beeswarm	domain-standard	baseline/output scale and correlation; non-causal	P-DSM-UNCERTAINTY-2024
shap-dependence	SHAP dependence plot	SHAP 依赖图	feature-SHAP scatter	model-interpretation	feature contribution relationship	model-based	soil; machine-learning	shapviz	sv_dependence	domain-standard	interaction coloring and correlation	P-DSM-UNCERTAINTY-2024
shap-waterfall	SHAP waterfall plot	SHAP 瀑布图	local explanation waterfall	model-interpretation	one prediction explanation	model-based	soil; machine-learning	shapviz	sv_waterfall	domain-standard	baseline, top-feature truncation and output scale	P-DSM-UNCERTAINTY-2024
posterior-predictive-check	posterior predictive check	后验预测检验图	PPC	model-diagnostic	Bayesian model fit	model-based	general; soil	bayesplot	ppc_*	domain-standard	compare replicated to observed; not just pretty overlap	R-GGDIST
trace-plot	MCMC trace plot	MCMC 轨迹图	chain trace	model-diagnostic	Bayesian convergence	model-based	general	bayesplot	mcmc_trace	domain-standard	multiple chains, warmup and mixing	R-CTVS
rank-histogram	MCMC rank histogram	MCMC 秩直方图	chain rank plot	model-diagnostic	Bayesian chain mixing	model-based	general	bayesplot	mcmc_rank_hist	domain-standard	interpret with ESS/Rhat	R-CTVS
bland-altman	Bland-Altman plot	Bland–Altman 一致性图	mean-difference plot	model-diagnostic	method/sensor agreement	paired	soil; remote-sensing	blandr; ggplot2	custom	domain-standard	limits of agreement, repeated measures and proportional bias	R-CTVS
nomogram	nomogram	列线图	risk score nomogram	model-interpretation	manual prediction	model-based	general	rms	nomogram	domain-standard	calibration, validation and scale	R-CTVS
sem-path	SEM path diagram	结构方程路径图	path model diagram	schematic	model structure/effects	model-based	soil; ecology	semPlot; piecewiseSEM	semPaths; plot	domain-standard	arrows not proof of causality; standardized coefficient type	R-CTV-GRAPHICALMODELS
causal-dag	causal DAG	因果有向无环图	causal graph	schematic	causal assumptions	causal design	general; soil	ggdag; dagitty	ggdag; dagitty	domain-standard	assumption diagram not estimated effect	R-CTV-CAUSALINFERENCE
workflow-diagram	workflow diagram	工作流程图	pipeline flowchart	schematic	analysis/process workflow	process	general; soil	DiagrammeR; ggplot2	grViz; custom	canonical	separate data flow, decisions and outputs	R-CTVS
experimental-design-diagram	experimental design diagram	试验设计图	plot layout schematic	schematic	randomization/treatment layout	designed experiment	soil; agronomy	agricolae; ggplot2	fieldbook plus geom_tile	domain-standard	distinguish schematic from measured map	R-CTV-AGRI
conceptual-model	conceptual model diagram	概念模型图	mechanism schematic	schematic	hypothesized processes	conceptual	soil; ecology	DiagrammeR; ggplot2	custom	canonical	label hypotheses/evidence; no invented arrows	P-JAMBOR-2025
consort-flow	study flow diagram	研究流程图	CONSORT-style flow	schematic	sample/study flow	process	general	consort; DiagrammeR	consort_plot	domain-standard	counts reconcile at every branch	R-CTVS
image-montage	image montage	影像拼版图	contact sheet	image	compare images	image	microscopy; remote-sensing	magick; patchwork	image_append; plot layout	canonical	identical scaling/processing and labels	P-IMAGE-2024
multichannel-overlay	multichannel image overlay	多通道叠加图	false-color composite	image	co-location/features	image	microscopy; remote-sensing	EBImage; magick; terra	color composite	domain-standard	channel ranges, color mixing and originals	P-IMAGE-2024
segmentation-overlay	segmentation overlay	分割叠加图	mask overlay	image	segmentation results	image model	microscopy; remote-sensing	EBImage; ggplot2	paintObjects; overlay	domain-standard	show raw image, model/threshold and corrections	P-IMAGE-2024
kymograph	kymograph	时空线扫描图	space-time image	image-volume	motion/change along line	space-time image	biology; environmental	EBImage; ggplot2	geom_raster	domain-standard	space/time calibration and line selection	P-IMAGE-2024
orthogonal-slices	orthogonal slice view	正交切片图	axial-coronal-sagittal	image-volume	3D volume inspection	volume	soil-CT; microscopy	oro.nifti; rgl; plotly	slices	domain-standard	shared coordinates, voxel anisotropy and windowing	P-IMAGE-2024
maximum-intensity-projection	maximum intensity projection	最大强度投影图	MIP	image-volume	3D signal overview	volume	microscopy; soil-CT	rgl; EBImage	projection	domain-standard	depth lost and bright structures dominate	P-IMAGE-2024
isosurface	isosurface plot	等值面图	3D contour surface	image-volume	3D threshold surface	volume	soil-CT; geoscience	rgl; plotly	contour3d; isosurface	domain-standard	threshold, occlusion and aspect	R-CTV-SPATIAL
surface-3d	3D surface plot	三维曲面图	response/terrain surface	image-volume	true x-y-z surface	spatial/response	soil; geoscience	plotly; rgl; rayshader	surface3d	canonical	perspective/occlusion; supply contour alternative	R-CTV-SPATIAL
point-cloud-3d	3D point cloud	三维点云图	LiDAR point cloud	image-volume	3D points	point cloud	remote-sensing; soil structure	rgl; plotly; lidR	plot	domain-standard	density, decimation, CRS and aspect	R-CTV-SPATIAL
mantel-correlogram	Mantel correlogram with matrix links	Mantel 相关矩阵—连线复合图	Mantel matrix-link plot	matrix	matrix association plus cross-table distance association	multivariate; permutation	soil; ecology; microbiome	vegan; linkET; ggplot2	mantel; qcorrplot; geom_couple	composite	distance definitions, restricted permutations, test statistic, multiple testing and link thresholds must be explicit	R-VEGAN;R-GGPLOT
