archive	path	bytes	lines	sha256	packages	plot_calls	setwd	runtime_install	absolute_windows_path	absolute_macos_path	set_seed	ggsave	explicit_device	secondary_axis	significance_annotation
2024	2024/3D曲线图+多分组/3D曲线图+多分组.R	4362	90	d5232773ad52abc13b39825cd174cdb62169bbd34fa8e94f310414cabb2e8201	reshape2;scatterplot3d		1	0	1	0	0	0	0	0	0
2024	2024/3D热图/3D热图.R	2049	55	b7c7d767bd18f778400392a377de513714fb1b17d7bd81d66b2fba6ac69f551e	ComplexHeatmap;circlize;pheatmap		1	0	1	0	0	0	0	0	0
2024	2024/Circle Packing/Circle Packing.R	1752	37	abc14b59b124e1027d174d70392568c7e139cd2c953e6628125d75048a9291a7	ggplot2;packcircles	coord_equal;geom_point;geom_polygon;ggplot;scale_fill_manual;scale_size;theme_void	1	0	2	0	0	0	0	0	0
2024	2024/ECDFͼ/ECDFͼ.R	1169	31	48b12041e90f47c7544e6d399d6c29801d501c156140a463dc9b7ffcf0764d5a	ggplot2;tidyverse	ggplot;scale_color_manual;stat_ecdf;theme_bw	1	0	1	0	0	0	0	0	0
2024	2024/Venn/Venn.R	2624	69	8591d6ecb8f7edce94d34f1528608c01f1f83409f7ddc211a9407149eb0ec537	RColorBrewer;VennDiagram;ggplot2;ggprism;venn	geom_col;geom_text;ggplot;scale_fill_manual;scale_y_continuous;theme_prism	1	2	1	0	0	0	0	0	0
2024	2024/Voronoiͼ/Voronoiͼ.R	3958	73	a9fba3b0491b7976fe5f36c046d4a46adae59f4a55abb012ab7c16dc53464fa2	WeightedTreemaps		1	1	1	0	0	0	0	0	0
2024	2024/mantel test/mantel test分析.R	3082	62	74ad9a1ff2c149e1cc1d1ee2e8ba8e3f90701860603153e02dd357f2012385f0	dplyr;ggcor;ggplot2;vegan	geom_mark;geom_square;mantel_test;scale_color_manual;scale_fill_gradient2;scale_linetype_manual;scale_size_manual	1	0	1	0	0	0	0	0	0
2024	2024/mantel test分析拓展-多样式/mantel test分析拓展-多样式.R	7943	148	2e675674a906e9f590f09852efd83bcbc4b920f5209c33c6380138ee0481a562	dplyr;ggcor;ggplot2;vegan	geom_mark;geom_point;geom_square;geom_text;geom_tile;mantel_test;scale_color_gradient2n;scale_color_manual;scale_fill_gradient2;scale_fill_gradient2n;scale_linetype_manual;scale_size;scale_size_manual	1	0	1	0	0	0	0	0	0
2024	2024/mantel test拓展—多图绘制与组合/mantel test拓展—多图绘制与组合.R	6433	113	5f5078af2260c000b8522a1f7b887ff63365e10164fc893cd13de08dc24657f3	dplyr;ggcor;ggplot2;vegan	geom_mark;geom_square;mantel_test;scale_color_manual;scale_fill_gradient2;scale_linetype_manual;scale_size_manual	1	0	1	0	0	0	0	0	0
2024	2024/tree+分支颜色调整+分组注释+热图注释+柱状堆积图注释/tree+分支颜色调整+分组注释+热图注释+柱状堆积图注释.R	11447	323	31b9d6f07a8415ba3d3c5a5adab52c9284d25f0b9227a52a246eecd5c22fa31d	ape;ggnewscale;ggstar;ggtree;ggtreeExtra;vegan	geom_fruit;geom_tiplab;ggtree;scale_color_manual;scale_fill_manual	1	0	1	0	0	0	1	0	0
2024	2024/tree+柱状堆积图--物种组成可视化/tree+柱状堆积图--物种组成可视化.R	4001	104	0e8307c575b469e407dc2351bfd86bac0be5d08b89ebb3f6398c7a6f26d620e6	RColorBrewer;ape;aplot;ggplot2;ggtree;plyr;reshape2;vegan	coord_flip;geom_bar;geom_col;geom_tiplab;geom_tippoint;ggplot;ggtree;scale_color_manual;scale_fill_manual;scale_y_continuous	1	0	1	0	0	0	0	0	0
2024	2024/三元相图/三元相图.R	1624	41	e182e91aaf2f6711b857efe94a6c9be37de8cf072c2dfcfb740d683e89c60cdd	RColorBrewer;ggtern;grid;scales	geom_mask;geom_point;scale_colour_manual;theme_classic	1	1	1	0	0	0	0	0	0
2024	2024/三角形热图+聚类+柱状图注释/三角形热图+聚类+柱状图注释.R	3798	103	4cfb3a2b4b8ec89940a70ac31b6f6a903f7ac5cc2b71edaaf4030b63133317ba	ape;aplot;ggplot2;ggtree;reshape2;vegan	geom_col;geom_point;geom_tiplab;ggplot;ggtree;scale_fill_gradient2;scale_shape_manual;scale_size_continuous;scale_y_continuous;scale_y_discrete;theme_classic	1	0	1	0	0	0	0	0	0
2024	2024/不一样的点线图/不一样的点线图.R	2035	43	a95a10519206feedbd764c7321b33e4228d2bf483e912ee923fe94f3b1b3cbce	ggplot2	geom_line;geom_point;ggplot;scale_color_manual;scale_x_continuous;scale_y_continuous;theme_bw	1	0	1	0	0	0	0	0	0
2024	2024/不同组散点+回归曲线+多项式拟合+线性拟合/不同组散点+回归曲线+多项式拟合+线性拟合.R	5364	121	454d9adbca6c6674d673a5c9672d68e10616deba9a773f912df994675c9938d8	ggplot2;ggpmisc	geom_point;geom_smooth;geom_vline;ggplot;ggsave;scale_fill_manual;scale_x_continuous;stat_poly_eq;theme_bw	1	0	1	0	0	1	0	0	0
2024	2024/世界地图+采样点/世界地图绘制.R	2476	75	7a6653bc33f5da7efa904f8933fcb931e547f32c9a7916aaac1cf3e3c5dc143b	ggplot2	coord_map;geom_col;geom_point;geom_polygon;ggplot;scale_fill_manual;scale_y_continuous;theme_classic;theme_void	1	0	1	0	0	0	0	0	0
2024	2024/世界地图+采样点标记+分组条形图+柱状图嵌套/世界地图+采样点标记+分组条形图+柱状图嵌套.R	2904	68	c72e495cdd2bb420c15f9075254ae3fcc1a854f52cc660368e0a878086d3df28	ggh4x;ggplot2;tidyr	coord_polar;geom_col;geom_point;geom_polygon;geom_text_aimed;ggplot;scale_fill_manual;scale_x_continuous;scale_y_continuous;theme_void	1	0	1	0	0	0	0	0	0
2024	2024/世界地图+采样点标记+柱状堆积图/世界地图+采样点标记+柱状堆积图.R	9572	230	cdef4af069efeaa0fc2350076969a8ef6e79b8da6af7c2dc0308cf464eae4d50	RColorBrewer;cowplot;dplyr;ggplot2;ggstar;reshape2	geom_col;geom_polygon;geom_star;ggplot;scale_fill_manual;scale_x_discrete;scale_y_continuous;theme_bw	1	0	1	0	0	0	0	0	0
2024	2024/世界地图+采样点标记+饼图+柱状图/世界地图+采样点标记+饼图+柱状图.R	5165	99	3f1d1922fcbdeddab30ce8743a2659b642c70480c2d238e85257838c980bf07a	ggplot2;reshape2;scatterpie	geom_errorbar;geom_point;geom_polygon;geom_scatterpie;geom_scatterpie_legend;ggplot;scale_color_manual;scale_fill_manual;scale_x_continuous;scale_y_continuous;theme_bw	1	0	1	0	0	0	0	0	0
2024	2024/世界地图+采样点标记气泡图+分布频率注释侧图/世界地图+采样点标记气泡图+分布频率注释侧图.R	4215	106	2de23cbf1e820bcffda4a9e5e5708b79d243bd29e6ec4751627bedb43cac985a	aplot;dplyr;ggplot2	coord_flip;geom_freqpoly;geom_point;geom_polygon;ggplot;scale_color_manual;scale_fill_manual;scale_size_continuous;scale_x_continuous;scale_y_continuous;theme_classic	1	0	1	0	0	0	0	0	0
2024	2024/两组矩阵的相关性分析/两组矩阵的相关性分析.R	2897	84	6d10a16aa0179e95e7139ced4de45a963bc0f84c30257c04ae24eec0b12cabc6	ComplexHeatmap;circlize;pheatmap;psych	heatmap	1	0	1	0	0	0	0	0	0
2024	2024/中国地图+散点+柱状图/中国地图+散点+柱状图.R	5937	144	40bd88fdee070a931f75e2ba938c8f2e1884445cb98c202964f886d88a715910	cowplot;ggspatial;sf;tidyverse	coord_sf;geom_col;geom_sf;ggplot;scale_color_manual;scale_fill_manual;scale_y_continuous;theme_bw;theme_classic	1	0	1	0	1	0	0	0	0
2024	2024/云雨图/云雨图.R	2179	54	0914bad96532e360dbf728928b581f1c5594641751db2d9aaabc32823d743cc0	gghalves;ggplot2;ggsignif;tidyverse	geom_boxplot;geom_half_violin;geom_jitter;geom_signif;ggplot;scale_color_manual;scale_y_continuous;stat_boxplot;theme_bw	1	0	1	0	0	0	0	0	1
2024	2024/共发生网络/共发生网络.R	6796	157	217c4058d2742f88da90b87528abb22c52a46ce01104ae42447f048d17e6dfb5	dplyr;ggplot2;ggraph;igraph;psych;tidyr	coord_fixed;geom_edge_arc2;geom_node_point;geom_node_text;ggraph;scale_color_manual;scale_edge_color_manual;scale_edge_width;scale_size_continuous;theme_void	1	0	1	0	0	0	0	0	0
2024	2024/内向环形柱状图+分组+分面/内向环形柱状图+分组+分面.R	3572	87	c0b663851fd83c4300d34f2063b7a062ba5f93aeb208c39c63f8b14242de27f6	ggh4x;ggplot2;reshape2	coord_polar;facet_wrap;geom_col;geom_text_aimed;ggplot;scale_color_manual;scale_fill_manual;scale_y_continuous;theme_void	1	0	1	0	0	0	0	0	0
2024	2024/凹凸图Bump chart/凹凸图Bump chart.R	934	32	326714cf1db8c2ce2117e0215cdda50f6afe7a2eb58b08c9aac03293377fd825	dplyr;ggbump;ggplot2;ggprism	geom_bump;geom_point;geom_text;ggplot;scale_color_prism;theme_void	0	3	1	0	0	0	0	0	0
2024	2024/分类水平的聚类分析+注释/分类水平的聚类分析+注释.R	4474	149	2b3ece8486c8602c46d0463164bb94c66c74cd548988b8d7bfc5d43107400c0a	MicrobiotaProcess;dplyr;ggplot2;ggtree;phyloseq	geom_hilight;geom_point;geom_tiplab;ggtree;scale_fill_manual	1	0	1	0	0	0	0	0	0
2024	2024/分组分面条形图/分组分面条形图.R	1488	37	9be3052ed89c8b174328fa9cd7753c41c810e1d311f1d4bff5129b5d662a44e4	ggplot2;reshape2	facet_grid;geom_col;ggplot;scale_fill_manual;theme_bw	1	0	1	0	0	0	0	0	0
2024	2024/分组散点&箱线图&小提琴图&条形图+拟合曲线/分组散点&箱线图&小提琴图&条形图+拟合曲线.R	6878	165	646f8c142cdc93b941734ba4c6ad0b7259688c8055f8b961d21d333a234ff809	dplyr;ggplot2;ggpmisc;patchwork;stringr	geom_bar;geom_boxplot;geom_jitter;geom_segment;geom_smooth;geom_violin;ggplot;scale_color_manual;scale_fill_manual;scale_y_continuous;stat_poly_eq;stat_summary;theme_bw	1	0	1	0	0	0	0	0	0
2024	2024/分组散点图/分组散点图.R	1945	53	97bbf576bd581f8b5587daa5cc2b1b5663ec4c702f2efe58d0896dfaa3887b94	RColorBrewer;ggplot2;ggpmisc;grid;scales	facet_grid;geom_point;geom_smooth;ggplot;scale_color_manual;scale_fill_manual;stat_poly_eq;theme_bw	1	0	1	0	0	0	0	0	0
2024	2024/分组气泡图+边际频率分布直方图+拟合曲线/分组气泡图+边际频率分布直方图+拟合曲线.R	2709	69	de462cc0f2670e31d3ecb31a73d22b8b37c9ddae4d34670a84b818129d0f04fe	ggplot2;ggpmisc;ggside	geom_point;geom_smooth;geom_xsidehistogram;geom_ysidehistogram;ggplot;scale_color_manual;scale_size;stat_poly_eq;theme_bw;theme_ggside_void	1	0	1	0	0	0	0	0	0
2024	2024/分组直方图/分组直方图.R	1531	33	bb9ee94afa2e45843c984e2fe3a7f800faccd56209c6f0bc9831aa4d807c25b4	ggplot2;ggpubr	facet_grid;geom_bar;geom_hline;geom_point;ggplot;scale_color_manual;scale_fill_manual;stat_summary;theme_classic	1	0	1	0	0	0	0	0	0
2024	2024/分组箱线图/分组箱线图.R	2387	55	25e278dfaec43c33c7a5ec0b00ca608745b76e1f6b9c90da4599cbd203991ae2	ggplot2	facet_grid;geom_boxplot;geom_dotplot;geom_point;geom_vline;ggplot;scale_fill_manual;theme_bw	1	0	1	0	0	0	0	0	0
2024	2024/半圆进化树+分支颜色+注释+标签颜色/半圆进化树+分支颜色+注释+标签颜色.R	3256	79	3ad7dff600a7bff1b0b1d6aaf3f819b998bbdb6d8d372bbc1dac51c77e4fd3cd	ggnewscale;ggplot2;ggtree;ggtreeExtra	geom_fruit;geom_tiplab;ggtree;scale_color_manual;scale_fill_manual	1	0	1	0	0	0	0	0	0
2024	2024/单列热图+文字注释+显著性注释+箭头注释/单列热图+文字注释+显著性注释+箭头注释.R	2570	50	6d7722d79bee70db8dff441cbe1ed329c23f35616c21f181a1af133b68c05fbf	ggplot2	facet_grid;geom_segment;geom_text;geom_tile;ggplot;scale_fill_gradientn;scale_x_continuous;scale_y_reverse;theme_void	1	0	1	0	0	0	0	0	0
2024	2024/双向柱状图/双向柱状图.R	1543	40	611239a64dde02303fd96ae370c5084fefdfd174112f1cb424d99f964253d169	ggplot2	coord_flip;geom_col;ggplot;scale_fill_manual;scale_y_continuous;theme_bw	1	0	1	0	0	0	0	0	0
2024	2024/双向柱状堆积图+排序/双向柱状堆积图+排序.R	8955	234	0e10b18a5650d66ecd1f638826cca463dcf66d0c50e2cace8bd62f0f14219d3a	dplyr;ggplot2;patchwork;reshape2	coord_flip;geom_col;geom_hline;ggplot;scale_fill_manual;scale_y_continuous;theme_bw	1	0	1	0	0	0	0	0	0
2024	2024/双层环形热图+不同方式显著性标注/双层环形热图+不同方式显著性标注.R	10010	226	12906c614a3b831855e07aeba5e93d946105ccc9640d63e8b98596c2c3b005f4	agricolae;aplot;dplyr;ggplot2;patchwork;psych;reshape2	coord_polar;geom_text;geom_tile;ggplot;scale_fill_gradientn;scale_x_continuous;scale_y_continuous;theme_void	1	0	1	0	0	0	0	0	0
2024	2024/同变量多组箱线图/同变量多组箱线图.R	2571	68	0fde21e6b88706002d529b06e651e23e11522b4e53071bc683a0d975b6d0a9e8	ggplot2;patchwork	geom_boxplot;ggplot;scale_fill_manual;stat_boxplot;theme_bw	1	0	1	0	0	0	0	0	0
2024	2024/圆堆积图(circle packing)第二弹/圆堆积图(circle packing)第二弹.R	4709	106	a42dc069a353167a35b4a2cebc92ac74a18789d058803836f00ee597cd68fe5c	dplyr;ggplot2;ggraph;reshape2;tidygraph;tidyr;viridis	coord_fixed;geom_node_circle;geom_node_text;ggraph;scale_color_manual;scale_fill_manual;scale_fill_viridis;theme_void	1	2	1	0	0	0	0	0	0
2024	2024/圆环图&旭日图_PieDonut/圆环图&旭日图_PieDonut.R	20197	409	9a7b192e34a3932a0ba0d7fb0e54b5a94481e440a69cc1aad9b4a17fa1e89ee5	RColorBrewer;dplyr;ggforce;ggplot2;grid;moonBook;scales;webr	coord_fixed;geom_arc_bar;geom_segment;geom_text;ggplot;piedonut;scale_fill_manual;theme_no_axes	1	1	1	0	0	0	0	0	0
2024	2024/圆环图&旭日图_ggplot2/圆环图&旭日图_ggplot2.R	6209	160	e3e7ab8cdfbcb403e46b5ea5c340b622f6c143a2cd088d3080175fa0d16b449d	formattable;ggplot2;patchwork	coord_polar;geom_rect;geom_text;ggplot;scale_fill_manual;theme_void	1	0	1	0	0	0	0	0	0
2024	2024/基因注释+箭头图+分面+标签/基因注释+箭头图+分面+标签.R	4164	96	7800de339c5eff4e9857767e42115190c43df58214b0939c17900966b2f84dcf	gggenes;ggplot2;grid	geom_gene_arrow;geom_gene_label;ggplot;scale_fill_manual;scale_x_continuous;theme_genes	1	0	1	0	0	0	0	0	0
2024	2024/多y轴组合图-柱状堆积图+箱线图/多y轴组合图-柱状堆积图+箱线图.R	8620	228	797777a6a95b3faab18743d32a3f23964754d62d777addaef4c6343999022e5c	dplyr;ggh4x;ggplot2;grid;gtable;reshape2	geom_boxplot;geom_col;ggplot;scale_fill_manual;scale_x_discrete;scale_y_continuous;stat_boxplot;stat_summary;theme_bw;theme_classic	1	0	2	0	0	0	0	0	0
2024	2024/多分组箱线图+不同组字母标记+条纹填充/多分组箱线图+不同组字母标记+条纹填充.R	5313	130	30d73a9052725b995d79cfa5e685ef27348bf20717729db8b777be79edfa2609	agricolae;dplyr;ggpattern;ggplot2;patchwork	coord_flip;geom_boxplot_pattern;geom_text;geom_vline;ggplot;scale_color_manual;scale_fill_manual;scale_pattern_manual;scale_x_discrete;scale_y_continuous;stat_boxplot;stat_summary;theme_bw	1	0	1	0	0	0	0	0	0
2024	2024/多变量热图+r值+p值+其他变量/多变量热图+r值+p值+其他变量.R	4858	112	51148276829893ac03f4b5f49a8862f8591f90591625bb3af7dce51edc22b29e	dplyr;ggnewscale;ggplot2;psych;tidyr	geom_point;ggplot;scale_color_manual;scale_fill_gradient2;scale_size_continuous;theme_bw	1	0	1	0	0	0	0	0	0
2024	2024/多层嵌套柱状图+字母标记+标签嵌套/多层嵌套柱状图+字母标记+标签嵌套.R	5028	118	34be1771fb82b5f06a6b310ea198f341f395f1c04d7f71c85e24dbd26fa60e95	agricolae;ggh4x;ggplot2;ggpubr	geom_bar;geom_text;ggplot;scale_color_manual;scale_fill_manual;scale_y_continuous;stat_summary;theme_bw	1	0	1	0	0	0	0	0	0
2024	2024/多序列比对及可视化/基于ggmsa多序列比对及可视化.R	8045	206	0dca769ef7893a149e4196f2693d26cf9dc91b7ae07e3f21274ab67148956e75	BiocManager;Biostrings;RColorBrewer;ggmsa;ggplot2;pals	geom_gc;geom_helix;geom_msabar;geom_seed;geom_seqlogo;theme_void	1	3	2	0	0	0	0	0	0
2024	2024/多类型热图组合图绘制/多类型热图组合图绘制.R	8704	211	8af8f5af2cf05e4deb5cb53697cc874b34fbd23b322e20f4b54382c58f26c30b	cowplot;dplyr;ggnewscale;ggplot2;ggside;patchwork;reshape2;tidyr	geom_tile;geom_xsidetile;ggplot;scale_fill_gradient2;scale_fill_manual;scale_xfill_manual;scale_y_discrete;theme_bw;theme_void	1	0	1	0	0	0	0	0	0
2024	2024/多组火山图/多组火山图.R	5736	142	629705771f767126a7554c6cb7e5d3b527676dccb87947f60851d429bea93496	RColorBrewer;dplyr;ggplot2;grid;scales	geom_col;geom_hline;geom_jitter;geom_rect;geom_text;geom_text_repel;ggplot;scale_color_manual;scale_fill_manual;theme_classic	1	0	1	0	0	0	0	0	0
2024	2024/密度图+分组标记+均值线/密度图+分组标记+均值线.R	4348	103	8822ce7a546e3af78ee1bff4fa1ce684e68336c294c39c0cdbaee130ef035e85	geomtextpath;ggplot2;ggridges;palmerpenguins;patchwork;remotes;tidyverse	geom_density;geom_textdensity;geom_vline;ggplot;scale_color_manual;scale_fill_manual;scale_y_continuous;theme_bw	1	0	1	0	0	0	0	0	0
2024	2024/小提琴图/小提琴图.R	5832	142	d4f374d965b5e2b82a95a151110a6b5fdd8317c539cd2aef109d979b8e1167da	RColorBrewer;ggplot2;ggprism;ggpubr;ggsignif;grid;scales;tidyverse;vioplot	facet_grid;geom_boxplot;geom_jitter;geom_signif;geom_violin;ggplot;scale_fill_manual;scale_fill_prism;stat_summary;theme_bw;theme_prism	1	6	1	0	0	0	0	0	3
2024	2024/小提琴图-添加数据点-半小提琴图-雨云图/小提琴图-添加数据点-半小提琴图-雨云图.R	4522	110	36c0cc7b724a743ed2d2f8ee5ffef6f6204c6c897054442b72b2c26736339ef9	cowplot;ggdist;ggforce;gghalves;ggplot2;palmerpenguins;tidyverse	coord_flip;geom_boxplot;geom_half_violin;geom_jitter;geom_sina;geom_violin;ggplot;plot_grid;scale_fill_manual;stat_dotsinterval;stat_slab;theme_bw	1	0	1	0	0	0	0	0	0
2024	2024/层级网络图/层级网络图.R	5181	120	f7f2f62ee7580ea310d9a1d90fb580a8d8cd44421986c6b4e4a5036e6b0d7f47	dplyr;ggplot2;ggraph;reshape2;tidygraph;tidyr	coord_fixed;geom_edge_diagonal;geom_edge_elbow;geom_node_point;geom_node_text;ggraph;scale_color_manual;scale_edge_color_manual;scale_size_continuous;theme_void	1	2	1	0	0	0	0	0	0
2024	2024/山脊图/山脊图.R	1893	54	78b1fcf9db536bdb1f1ceb010553bf9c52ee563a202785642b9b444fef26f675	cowplot;ggplot2;ggprism;ggridges;reshape	geom_density_ridges;ggplot;plot_grid;scale_fill_prism;scale_y_discrete;theme_prism	1	4	1	0	0	0	0	0	0
2024	2024/嵌套柱状图+显著性+字母标记/嵌套柱状图+显著性+字母标记.R	3136	66	0ab18bebd59af10301d4073afdadc6d70de5512f46d69281ae1efbae7eb86eb4	agricolae;dplyr;ggplot2;ggpubr;rstatix	geom_bar;geom_text;ggplot;scale_fill_manual;scale_y_continuous;stat_pvalue_manual;stat_summary;theme_bw	1	0	1	0	0	0	0	0	1
2024	2024/嵌套柱状图+柱状堆积图+显著性/嵌套柱状图+柱状堆积图+显著性.R	4422	98	d85963657a7abde21d0174489aa39477e5b6d4998af96125cf2d320acc5ed40b	dplyr;ggplot2;ggpubr;rstatix	geom_col;geom_errorbar;geom_text;ggplot;scale_fill_manual;scale_y_continuous;theme_bw	1	0	1	0	0	0	0	0	0
2024	2024/带误差线的柱状堆积图/带误差线的柱状堆积图.R	1006	32	a68f3262fd76ec49ff7555dd0985359b5f88850877b1f7344f1abb1fec842be0	ggplot2;reshape2	geom_col;geom_errorbar;ggplot;scale_fill_manual;scale_y_continuous;theme_bw	0	0	0	0	0	0	0	0	0
2024	2024/平滑曲线折线图/平滑曲线折线图.R	3498	94	b553b2639c9715d2bbcceec712245b07432fb1ee7f3c975ac53a7fc1406296f5	RColorBrewer;ggalt;ggplot2;grid;patchwork;scales	geom_line;geom_point;geom_xspline;ggplot;scale_color_manual;scale_colour_manual;scale_x_discrete;theme_bw	1	0	1	0	0	0	0	0	0
2024	2024/平行坐标图/平行坐标图.R	3781	104	a25453bae8696f4ff770edcd4ec62cc6c270f8a0a3bda245caad1d2833702262	GGally;cowplot;ggprism;ggthemes;scagnostics	facet_wrap;plot_grid;scale_color_prism;theme_map;theme_pander	0	0	0	0	0	0	0	0	0
2024	2024/并列柱状图+不同组字母标记+组间显著性标记/并列柱状图+不同组字母标记+组间显著性标记.R	5411	114	78f25a4c6e3c575e1695bdcdc9598097ed4afcf13a779a34b350a7e97babb021	agricolae;dplyr;ggh4x;ggpattern;ggplot2;ggpubr;rstatix	geom_bar_pattern;geom_text;ggplot;scale_color_manual;scale_fill_manual;scale_pattern_manual;scale_x_discrete;scale_y_continuous;stat_pvalue_manual;stat_summary;theme_classic	1	0	1	0	0	0	0	0	2
2024	2024/并列柱状堆积图+误差线+显著性/并列柱状堆积图+误差线+显著性.R	4564	100	80f3aa88c45e095c46d15df14080101c896e1300b0153a920d910263e6f2579d	dplyr;ggplot2;ggpubr;rstatix	geom_col;geom_errorbar;geom_segment;ggplot;scale_fill_manual;scale_x_continuous;scale_y_continuous;stat_pvalue_manual;theme_bw	1	0	1	0	0	0	0	0	3
2024	2024/序列分析图/序列分析图.R	3691	99	e7e77d6c3345346e18af2fd44abf8c07731048447b39d42a6d7b5a372a34bff9	cowplot;ggplot2;ggseqlogo	geom_logo;ggplot;plot_grid;theme_logo	0	1	1	0	0	0	0	0	0
2024	2024/弦图_chord/弦图_chord.R	3046	65	a9d561160d8101538e34c038b971b29502a86275aa4312e93ab5c14f8bea7796	circlize;statnet	chorddiagram;circos.clear;circos.par	1	2	1	0	0	0	1	0	0
2024	2024/成比例Venn图/成比例Venn图.R	3097	83	c060976d7431e549fafcbad36f42decb979b04614f7dbe5ea8a105f9d3720ccc	devtools;eulerr;ggvenn;patchwork		1	0	2	0	0	0	0	0	0
2024	2024/折线+散点+误差棒+显著性+分面/折线+散点+误差棒+显著性.R	2112	59	0428d8d8c8b1311057cde64e92426af91522596636fca6be017b94eb9b2b4c92	cowplot;ggplot2;ggpubr	coord_flip;facet_wrap;geom_errorbar;geom_line;geom_point;geom_signif;ggplot;plot_grid;scale_color_manual;scale_shape_manual;scale_y_continuous;theme_bw	1	0	1	0	0	0	0	0	1
2024	2024/折线图/折线图.R	2321	69	0a5524a0f60ce75e6f3518c0c2c1493933c8377c5bc71373343c9971d283bef5	ggalt;ggplot2;ggprism;reshape2	geom_line;geom_point;geom_xspline;ggplot;scale_color_manual;scale_linetype_manual;scale_shape_manual;theme_bw;theme_prism	1	4	1	0	0	0	0	0	0
2024	2024/散点+分组+size+显著性/散点+分组+size+显著性.R	2280	57	2b4f2be5a68d320fa75e698bcf66437a5f956a70f765f3f2f1d42a307b6911a9	ggplot2;rstatix	facet_grid;geom_point;geom_segment;geom_text;ggplot;scale_color_manual;scale_size_continuous;scale_y_continuous;theme_bw	1	0	1	0	0	0	0	0	0
2024	2024/散点+分组+置信圈+质心连线/散点+分组+置信圈+质心连线.R	4234	116	8054b23bd303372496a7bec43a0f21900bca22d37f6bbf4511881773c9ed0291	dplyr;ggplot2;patchwork	geom_point;geom_segment;ggplot;scale_color_manual;scale_fill_manual;stat_ellipse;theme_bw	1	0	1	0	0	0	0	0	0
2024	2024/散点+回归曲线+多项式拟合+分组/散点+回归曲线+多项式拟合+分组.R	3068	76	646e3b0be03151c1c9d752befbac4a9b87e1a44a4e72278c4d9bbfdb9b682367	RColorBrewer;cowplot;ggplot2;ggpmisc;grid;scales	geom_point;geom_smooth;ggplot;plot_grid;scale_color_manual;scale_fill_manual;stat_poly_eq;theme_bw	1	0	1	0	0	0	0	0	0
2024	2024/散点+回归线+误差线+显著性/散点+回归线+误差线+显著性.R	2199	62	05fe8f9a96d5846fa28a97a7a784ea44e683dfbc9f908c209e64a86edace93ee	ggplot2;ggpmisc;ggpubr	geom_errorbar;geom_point;geom_smooth;ggplot;scale_color_manual;scale_size_continuous;stat_cor;stat_poly_eq;theme_bw	1	0	1	0	0	0	0	0	0
2024	2024/散点+均值+误差棒+字母标记+双刻度标记/散点+均值+误差棒+字母标记+双刻度标记.R	2957	83	73eda7bb2ddde704f4248f1745e03b4faf47b4a9798e0fce882f214a12af6416	agricolae;dplyr;ggplot2;gridExtra	geom_jitter;geom_segment;geom_text;ggplot;scale_color_manual;scale_fill_manual;stat_summary;theme_classic	1	0	1	0	0	0	1	0	0
2024	2024/散点+多辅助线+特定区域颜色及标签标记/散点+多辅助线+特定区域颜色及标签标记.R	4340	89	41b8ccac51ee32f2972530ce4818da9aef92877fce111671fb0f9382ac134b55	cowplot;ggplot2;ggrepel	geom_hline;geom_point;geom_text_repel;geom_vline;ggplot;plot_grid;scale_color_manual;theme_bw	1	0	1	0	0	0	0	0	0
2024	2024/散点+折线+局部放大/散点+折线+局部放大.R	2184	61	c48bd950852a06f041d883e5d1a57424067aac7ab69322d52c093065f6a48c37	ggplot2;reshape2	geom_line;geom_point;geom_rect;geom_segment;ggplot;scale_color_manual;scale_x_continuous;theme_bw	1	0	1	0	0	0	0	0	0
2024	2024/散点+折线+误差棒+面积填充/散点+折线+误差棒+面积填充.R	3930	113	8b722486d6f7251d177d46152a727f2ae1c1fba97ac6a041809451e48e04e487	aplot;ggplot2	coord_flip;geom_area;geom_errorbar;geom_hline;geom_line;geom_point;ggplot;scale_x_continuous;theme_bw	1	0	1	0	0	0	0	0	0
2024	2024/散点+热图注释/散点+热图注释.R	1605	48	f256c42748d8700bf9ffcf6e9b31d0a02bc1efdc93414ea0d9c47532083e3550	aplot;dplyr;ggplot2;reshape	geom_point;geom_tile;ggplot;scale_fill_gradient;scale_fill_gradientn;scale_x_discrete;theme_classic;theme_void	1	0	1	0	0	0	0	0	0
2024	2024/散点+箱线图+小提琴图+辅助线+显著性/散点+箱线图+小提琴图+辅助线+显著性.R	1956	49	68ebb07e91bc533ea6164c2fede3bbd07c7360f4ef9fafe40901ef51fe73a772	gghalves;ggplot2;ggsignif	geom_boxplot;geom_half_violin;geom_hline;geom_jitter;geom_signif;ggplot;scale_fill_manual;scale_y_continuous;theme_bw	1	0	1	0	0	0	0	0	1
2024	2024/散点+误差棒+折线+字母标记/散点+误差棒+折线+字母标记.R	5756	131	29e0bee82c49237b8cec9b8dd00f51487a68248294a933ada6cbb85e0f8cb40e	agricolae;dplyr;ggplot2;patchwork;reshape2;stringr	facet_wrap;geom_errorbar;geom_line;geom_point;geom_text;ggplot;scale_color_manual;scale_y_continuous;theme_classic	1	0	1	0	0	0	0	0	0
2024	2024/散点图+均值+显著性/code.R	1981	49	15eb88368353be7d4acad522481d0ce5b2a6bc5f196e99e217fab3e7e4fa60b2	dplyr;ggplot2;ggsignif	geom_jitter;geom_segment;geom_signif;ggplot;scale_fill_manual;scale_y_continuous;theme_classic	1	0	1	0	0	0	0	0	1
2024	2024/散点图+拟合曲线+分面/散点图+拟合曲线+分面.R	2737	69	1de56ca266f7cd0a0372e5a3d560a8cb184790f9bab4ff68c779f5590dd87a9d	RColorBrewer;cowplot;ggplot2;ggpmisc;ggpubr;grid;scales	facet_grid;geom_point;geom_smooth;ggplot;plot_grid;scale_color_manual;stat_cor;stat_poly_eq;theme_classic	1	0	1	0	0	0	0	0	0
2024	2024/散点图+拟合曲线+边际组合图形/散点图+拟合曲线+边际组合图形.R	2781	70	57b902b53d33a5231297d668b7496742b0c5ded4d5e09ba74ab296e5d5fcc60d	aplot;gghalves;ggplot2;ggpmisc;ggpubr	coord_flip;geom_boxplot;geom_half_violin;geom_jitter;geom_point;geom_smooth;ggplot;scale_color_manual;scale_fill_manual;stat_cor;stat_poly_eq;theme_bw;theme_void	1	0	1	0	0	0	0	0	0
2024	2024/散点图+柱状堆积图+折线图/散点图+柱状堆积图+折线图.R	2439	59	8c13886e20b70b31dc44c2d8b6c64573f04ac60cc602aec5215fdccc93c5cac7	ggalt;ggplot2;ggpmisc	geom_col;geom_line;geom_point;geom_smooth;ggplot;scale_fill_manual;scale_y_continuous;stat_poly_eq;theme_bw	1	0	1	0	0	0	0	0	0
2024	2024/散点图+误差线+连线/散点图+误差线+连线.R	2298	59	8bdcd075adaec28196a886de4e5064d4ea6de3dbbe06bc8889e5af5dea56fb2d	RColorBrewer;ggplot2;grid;scales;tidyverse	geom_dotplot;ggplot;scale_color_manual;stat_summary;theme_bw	1	0	1	0	0	0	0	0	0
2024	2024/散点密度图/散点密度图.R	2519	71	a704d052030107436bfc2f4d12826b1a5c8886c76a0b53554a52ae3c229f5a53	ggplot2;ggpmisc;ggpointdensity;ggpubr;patchwork;viridis	geom_point;geom_pointdensity;geom_smooth;ggplot;scale_color_viridis;scale_x_continuous;scale_y_continuous;stat_cor;stat_poly_eq;theme_bw	1	0	1	0	0	0	0	0	0
2024	2024/时间序列图/时间序列图.R	2479	74	8779c5522b8047982685e1e0df597e510bf79f10529e4de53e8c5cd35380675c	cowplot;ggplot2;ggprism	geom_line;ggplot;plot_grid;scale_x_continuous;theme_prism	1	2	1	0	0	0	0	0	0
2024	2024/曼哈顿图/曼哈顿图.R	5468	113	a29cc2441264137cddac2b73bbe00d95f7de4dd94a55815bd5d1b48e4fe5d418	CMplot;ggforce;ggplot2;ggprism;qqman;tidyverse	facet_zoom;geom_hline;geom_point;ggplot;scale_color_manual;scale_x_continuous;scale_y_continuous;theme_prism	1	6	2	0	0	0	0	0	0
2024	2024/条形图/条形图.R	1211	30	65a0492c1aac30b48f187825fee84416e7b760b4d2da7968e0bc0a84850d89b5	ggplot2	geom_bar;ggplot;scale_fill_manual;scale_x_continuous;scale_y_continuous;theme_classic	1	0	1	0	0	0	0	0	0
2024	2024/条形图+双y轴+双x轴/条形图+双y轴+双x轴.R	12635	302	5d2b2140fa334815878a76b9e5895e8729d49fcce25fa0ce5e1175f220296f1e	cowplot;ggplot2;grid;gtable	geom_col;geom_line;geom_point;ggplot;plot_grid;scale_x_continuous;scale_y_continuous;scale_y_reverse;theme_bw	1	0	1	0	0	0	0	2	0
2024	2024/条形图+黑白色填充+条纹+显著性/条形图+黑白色填充+条纹+显著性.R	7507	186	e7bf1b29eb75dfadf6e3cbb58848118c7d6c0abe64beae096ddebd938cce49d0	ggpattern;ggplot2;ggpubr;remotes;reshape2	geom_bar;geom_bar_pattern;geom_signif;ggplot;scale_fill_manual;scale_pattern_type_manual;scale_y_continuous;stat_summary;theme_classic	1	0	1	0	0	0	0	0	6
2024	2024/柱状图/柱状图.R	5332	110	41db951585b9552449aff2898d6522b5298f9139d74bd36defaf6008b093a998	ggplot2;ggprism;ggpubr;reshape2	facet_grid;geom_bar;geom_errorbar;geom_jitter;geom_point;geom_signif;ggplot;scale_color_manual;scale_fill_manual;scale_fill_prism;scale_y_continuous;stat_summary;theme_bw;theme_prism	1	0	1	0	0	0	0	0	2
2024	2024/柱状图+散点+显著性+分组/柱状图.R	5352	111	db1bccdf80409e4d1615ddd2988d31f46d5446a1c0e401fa8c7386be0618ec99	ggplot2;ggprism;ggpubr;reshape2	facet_grid;geom_bar;geom_errorbar;geom_jitter;geom_point;geom_signif;ggplot;scale_color_manual;scale_fill_manual;scale_fill_prism;scale_y_continuous;stat_summary;theme_bw;theme_prism	1	0	1	0	0	0	0	0	2
2024	2024/柱状图+散点+配对连线+显著性/柱状图+散点+配对连线+显著性.R	2171	47	2a8be278df3cc4eebbc899bc50122729f92e44221de7e58dc50c87378b45552c	ggplot2;ggpubr;ggsignif	facet_grid;geom_bar;geom_line;geom_point;geom_signif;ggplot;scale_fill_manual;scale_y_continuous;stat_summary;theme_classic	1	0	1	0	0	0	0	0	1
2024	2024/柱状图+散点图+折线图/柱状图+散点图+折线图.R	2423	63	f903417f8641f0fcde16b96b96d98bd8eb5ca95e9ef01b564d65028b15988b1d	dplyr;ggplot2;ggsignif;reshape2;tidyr	geom_bar;geom_errorbar;geom_jitter;geom_line;geom_point;geom_signif;ggplot;scale_color_manual;scale_y_continuous;theme_classic	1	0	1	0	0	0	0	0	1
2024	2024/柱状图+散点图+折线图/柱状图.R	2249	53	3825a6368f9d06754a8ead4faf8a7c6397145a78478ad98777ab0ce3503ba90f	dplyr;ggplot2;ggsignif;reshape2;tidyr	geom_bar;geom_errorbar;geom_jitter;geom_line;geom_point;geom_signif;ggplot;scale_color_manual;scale_y_continuous;theme_classic	1	0	1	0	0	0	0	0	1
2024	2024/柱状图+散点图+误差线+显著性+截断/code.R	2085	54	453a016e4d26d1f146a22ca58997ad66a1c458507532c6dc0a46d8815cb05cc6	ggbreak;ggplot2;ggpubr;ggsignif	facet_wrap;geom_bar;geom_jitter;geom_signif;ggplot;scale_fill_manual;scale_y_break;stat_summary;theme_classic	1	0	1	0	0	0	0	0	1
2024	2024/柱状图的单柱子嵌套+标签/柱状图的单柱子嵌套+标签.R	2884	66	b610a5398d9a22af67d05ccd301d943ab8b3bf4d33caf6ff6321fb781159fa57	dplyr;ggnewscale;ggplot2	geom_col;geom_text;ggplot;scale_fill_manual;scale_y_continuous;theme_bw	1	0	1	0	0	0	0	0	0
2024	2024/柱状堆积图/柱状堆积图.R	3014	69	fb9721862319b5746199d8b348620dee740569c4842d799f5ace1cc112dc432c	cowplot;ggalluvial;ggplot2;ggprism;reshape	geom_alluvium;geom_flow;geom_stratum;ggplot;plot_grid;scale_fill_prism;scale_y_continuous;theme_light;theme_minimal	0	4	0	0	0	0	0	0	0
2024	2024/柱状堆积图+多因子分面+柱间连线/柱状堆积图+多因子分面+柱间连线.R	6377	152	11b56fc537b9912137d3076fc8693e9f770f39cf3aee3f1ddaed959c62f058c4	dplyr;ggalluvial;ggh4x;ggplot2;remotes;reshape	facet_grid;facet_nested;geom_alluvium;geom_stratum;ggplot;scale_fill_manual;scale_y_continuous;theme_bw	1	0	1	0	0	0	0	0	0
2024	2024/柱状堆积图+柱间连线+文本标签+误差棒+字母标记/柱状堆积图+柱间连线+文本标签+误差棒+字母标记.R	6209	149	bfa38bd8942a6635726b8cb694d0ccb2d7bf22aab39769bc1335bb2499e5dd29	agricolae;dplyr;formattable;ggalluvial;ggh4x;ggplot2;reshape2	geom_alluvium;geom_errorbar;geom_stratum;geom_text;ggplot;scale_fill_manual;scale_x_discrete;scale_y_continuous;theme_classic	1	0	1	0	0	0	0	0	0
2024	2024/桑基图/桑基图.R	1595	42	a419e9c1618a215af48e85d91e0e491bc298701da9141bb203390b4b5cbeab6b	ggalluvial;ggplot2	geom_flow;geom_stratum;geom_text;ggplot;scale_fill_manual;theme_void	1	2	1	0	0	0	1	0	0
2024	2024/棋盘状离散热图/棋盘状离散热图.R	2696	76	ae9696b942324f4fcd1dbcae541e0a6fc6f7909c6ebffc63d733c3899db12a92	ggplot2;reshape2	geom_point;geom_rect;geom_tile;ggplot;scale_fill_manual;scale_y_discrete;theme_bw	1	0	1	0	0	0	0	0	0
2024	2024/棒棒糖图&哑铃图/棒棒糖图&哑铃图.R	4300	116	3251175a06e3ccb87054ceadcaeb63c63345bc811d490c5b392e299e6e4ca232	RColorBrewer;cowplot;ggplot2;ggprism;grid;scales	coord_flip;geom_hline;geom_point;geom_segment;ggplot;plot_grid;scale_fill_manual;theme_bw;theme_prism	1	0	1	0	0	0	0	0	0
2024	2024/气泡图/气泡图.R	3220	90	2b06a602d0bd166e738a3519d673bad4bc57910c5f417eea11d0b8909b0212cc	RColorBrewer;ggplot2;ggprism;grid;scales	geom_point;ggplot;scale_color_manual;scale_fill_manual;scale_fill_prism;scale_size_continuous;theme_bw;theme_prism	1	2	1	0	0	0	0	0	0
2024	2024/气泡图+分组+标签+拟合曲线/气泡图+分组+标签+拟合曲线.R	2455	62	4c1ffa9aa7eeaf20f757ca263758f172e11fabd1c2b55cab541f80ea6a9a19da	dplyr;ggplot2;ggrepel	geom_point;geom_smooth;geom_text_repel;ggplot;scale_color_manual;scale_fill_manual;scale_size;theme_bw	1	0	2	0	0	0	0	0	0
2024	2024/气泡图+分组+边际数量统计/绘制气泡图+分组+边际数量统计.R	3154	83	973e819943e8bddc4ff05c5c14e5e1ad2dc4db93032399ef045f8da7fdd651b8	aplot;ggplot2;reshape2;stringr	coord_flip;geom_col;geom_point;geom_text;ggplot;scale_fill_manual;scale_size_continuous;scale_y_continuous;theme_bw	1	0	1	0	0	0	0	0	0
2024	2024/气泡图+注释+配对连线/气泡图+注释+配对连线.R	2070	52	6f69e68014dc2c1bcf9c99655ba9239ed675c584d1bbb01f093d938064684ce8	ggplot2;patchwork	geom_point;geom_segment;geom_text;ggplot;scale_color_manual;scale_fill_manual;scale_size_continuous;scale_y_continuous;theme_bw;theme_void	1	0	1	0	0	0	0	0	0
2024	2024/气泡图+非等宽分面+分组/气泡图+非等宽分面+分组.R	4830	116	87c77ef7d495da1ff5536dbf375ce5b5d54dd152675a77124869e173e5d4a87f	dplyr;ggh4x;ggplot2;psych;reshape2;tidyr	facet_nested;geom_point;ggplot;scale_color_manual;scale_fill_gradient2;scale_size_continuous;theme_bw	1	0	2	0	0	0	0	0	0
2024	2024/气泡图叠加饼图+显著性/气泡图叠加饼图+显著性.R	2586	55	72cd132c5551b2d5550f596295be88e89c344b5309c8d0dcc2a5df50fe38defc	ggplot2;reshape2;scatterpie	coord_fixed;geom_scatterpie;geom_scatterpie_legend;ggplot;scale_fill_manual;scale_x_continuous;scale_y_continuous;theme_bw	1	0	1	0	0	0	0	0	0
2024	2024/气球图/条形图替代方案—气球图.R	2769	77	f9cb400263737ac34c0a978b671eaf9b7cd19c1f86a99680bcddab6075828cb3	RColorBrewer;ggplot2;ggpubr;grid;reshape2;scales	geom_point;ggplot;scale_fill_gradientn;scale_fill_manual;scale_fill_viridis_c;scale_size_continuous;theme_bw;theme_minimal	1	1	1	0	0	0	0	0	0
2024	2024/瀑布图/瀑布图绘制.R	1666	47	278a8baab23903b0175997f998a6a56793496318aec6ca28a45ba2b6a86d38dc	RColorBrewer;ggplot2;ggthemes;grid;scales;waterfalls	theme_tufte	0	1	0	0	0	0	0	0	0
2024	2024/火山图/火山图.R	2367	58	a35ff551115f64828b7aa0fe03d56df532676e4f716e3f1fb01dfc9cd6db408b	RColorBrewer;ggplot2;ggrepel;grid;scales	geom_hline;geom_point;geom_text_repel;geom_vline;ggplot;scale_fill_manual;theme_bw	1	2	1	0	0	0	0	0	0
2024	2024/点+误差棒/点+误差棒.R	1334	31	3a68a0d3adb4cdb739fba8e3920ffdd04c50a7f7719265518f3ecf3af2ecab31	ggplot2;reshape2	facet_wrap;geom_errorbar;geom_point;ggplot;scale_color_manual;scale_y_continuous;theme_bw	1	0	1	0	0	0	0	0	0
2024	2024/热图+分组+配对连线+统计差异/热图+分组+配对连线+统计差异.R	4913	139	6d4f1ff10c3874f0a6aaceaed42080dabcef471a3419caa8d138b6c3f19a7ecf	ggh4x;ggplot2;patchwork;reshape2;stringr	geom_segment;geom_text;geom_tile;ggplot;scale_color_manual;scale_fill_gradientn;scale_y_discrete;theme_minimal;theme_void	1	0	1	0	0	0	0	0	0
2024	2024/热图+显著性+间隔+注释+柱状图/热图+显著性+间隔+注释+柱状图.R	3814	82	1d65f22923ffb387ab3784f84cbe98846379d4d92c6f6954a635a05bc9b2fbd8	aplot;ggplot2;reshape2	coord_flip;facet_grid;geom_col;geom_point;geom_rect;geom_text;ggplot;scale_color_continuous;scale_size_continuous;scale_x_continuous;scale_y_continuous;theme_classic;theme_void	1	0	1	0	0	0	0	0	0
2024	2024/热图+柱状堆积图/热图+柱状堆积图.R	2163	58	7f951512b21bf27e28047ad6fe772533631f3158c3e67028c9d550d07d28ea2c	aplot;ggplot2	coord_flip;geom_col;geom_text;geom_tile;ggplot;scale_fill_gradientn;scale_fill_manual;scale_y_continuous;theme_classic;theme_void	1	0	1	0	0	0	0	0	0
2024	2024/热图+重要值计算及标记+解释度条形图/热图+重要值计算及标记+解释度条形图.R	7671	182	b5d28c0ad4993d97dc1100a1c71cf0f3d5f18cce61f4d781ec62d3449218d476	Hmisc;aplot;caret;ggplot2;randomForest;reshape2	geom_col;geom_point;geom_tile;ggplot;scale_fill_gradientn;scale_size_continuous;scale_y_continuous;theme_bw;theme_classic	1	0	3	0	1	0	0	0	0
2024	2024/热图绘制并添加注释/heatmap.R	3506	67	f0e7a44583f56937e8f1742b09d31b37cba588447067e313c6831c0855896a5e	pheatmap		1	0	1	0	0	0	0	0	0
2024	2024/环形分组散点图+误差棒+分组标签+灰白间隔背景+辅助线/环形分组散点图+误差棒+分组标签+灰白间隔背景+辅助线.R	4761	111	c2470b153f2ed12465f25f7cd7e8558aa4cd6946532df55a3553234e4fdd5033	dplyr;ggh4x;ggnewscale;ggplot2	coord_polar;geom_errorbar;geom_linerange;geom_point;geom_rect;geom_text;geom_text_aimed;ggplot;scale_color_manual;scale_fill_manual;scale_x_continuous;scale_y_continuous;theme_void	1	0	1	0	0	0	0	0	0
2024	2024/环形分组气泡图/环形分组气泡图.R	3509	91	617cfee29dc2b695217c6016d60d6759d6cf59a6f9a05da02d4ab47e4789164d	dplyr;ggh4x;ggplot2;randomcoloR;reshape2	coord_polar;geom_point;geom_text_aimed;ggplot;scale_color_manual;scale_fill_manual;scale_size;scale_x_continuous;scale_y_continuous;theme_void	1	0	1	0	0	0	0	0	0
2024	2024/环形图系列—散点+箱线图+小提琴图+辅助线+显著性/环形图系列—散点+箱线图+小提琴图+辅助线+显著性.R	4274	100	cd1bc8f59828370e5d6166c7b2dd3584a8f0c8844a5ebff1d74201faeeb9e095	dplyr;ggh4x;gghalves;ggplot2;rstatix	coord_polar;geom_boxplot;geom_half_violin;geom_jitter;geom_linerange;geom_segment;geom_text;geom_text_aimed;ggplot;scale_fill_manual;scale_x_discrete;scale_y_continuous;theme_void	1	0	1	0	0	0	0	0	0
2024	2024/环形多组火山图+标签/环形多组火山图+标签.R	7409	181	9e1794838fb3baa38c51837b2afef2311608a3919f57462da098c26cd33e202f	RColorBrewer;dplyr;ggfittext;ggplot2;ggrepel;grid;scales	coord_polar;geom_col;geom_fit_text;geom_jitter;geom_text;geom_text_repel;ggplot;scale_color_manual;scale_fill_manual;theme_void	1	0	1	0	0	0	0	0	0
2024	2024/环形无分组排序柱状堆积图/环形无分组排序柱状堆积图.R	2598	68	9d3c7d2132e4884f77ce693eda4953f5bcc97f74d299c788acf5cdbcd123ac03	ggh4x;ggplot2;reshape2	coord_polar;geom_col;geom_text_aimed;ggplot;scale_fill_manual;scale_size;scale_x_discrete;theme_void	1	0	1	0	0	0	0	0	0
2024	2024/环形柱状图+误差棒+显著性+分组标签+灰白间隔背景+辅助线/环形柱状图+误差棒+显著性+分组标签+灰白间隔背景+辅助线.R	5097	110	d00cdf729121829ab8f5c77107661f480b3afb98ea6816e68a9417e67ef8673f	dplyr;ggplot2	coord_polar;geom_col;geom_errorbar;geom_linerange;geom_rect;geom_text;ggplot;scale_color_manual;scale_fill_manual;scale_x_continuous;scale_y_continuous;theme_void	1	0	1	0	0	0	0	0	0
2024	2024/环形水平条形图+柱状堆积图/环形水平条形图+柱状堆积图.R	5774	120	d758b590fe3e7ba1bd11932a61bb5a4051c1f4fccc71a27d6cd18cc3fecdd953	dplyr;ggplot2;plyr;reshape2	coord_polar;geom_col;geom_text;ggplot;scale_color_manual;scale_fill_manual;scale_x_continuous;scale_y_continuous;theme_void	1	0	1	0	0	0	0	0	0
2024	2024/环形热图/环形热图.R	3030	67	be1c5947d1082d95d222c6cfa585734ef8281d947ee3e0452c1ee5da3585695b	BiocManager;ComplexHeatmap;circlize	circos.clear;circos.heatmap;circos.par;circos.text;circos.track;heatmap	1	3	2	0	0	0	0	0	0
2024	2024/环状柱形图&南丁格尔玫瑰图/南丁格尔玫瑰图.R	2162	59	4574d45aebb165dc9422d614f05788b6bf670e1604178398e86eb49c7ea47467	RColorBrewer;ggplot2;ggthemes;grid;scales	coord_polar;geom_bar;geom_text;ggplot;scale_color_manual;scale_fill_manual;theme_pander	1	0	1	0	0	0	0	0	0
2024	2024/环状柱形图&南丁格尔玫瑰图/环状柱状图.R	3465	91	22f56c17a144288ee133b7b3695fb7863f0f3b0860a9543df3aca065e1a67cf2	ggplot2;ggprism;reshape2;tidyverse	coord_polar;geom_bar;geom_segment;geom_text;ggplot;scale_fill_prism;theme_minimal	1	0	2	0	0	0	0	0	0
2024	2024/环状柱状堆积图+分组+显著性/环状柱状堆积图+分组+显著性.R	4105	83	2bab141ef489eca6c829304c9b78e51850e2bfc4ba43c477d60af06a871b1ede	ggplot2;tidyverse	coord_polar;geom_col;geom_hline;geom_text;ggplot;scale_color_manual;scale_fill_manual;scale_y_continuous;theme_void	1	0	1	0	0	0	0	0	0
2024	2024/环状箱线图+分组+显著性+均值标记/环状箱线图+分组+显著性+均值标记.R	4398	91	2aba0fe245295365a68d45c40739a496af7a9d9b954fcd542312f45c6b2c7637	dplyr;ggh4x;ggplot2;rstatix	coord_polar;geom_boxplot;geom_linerange;geom_rect;geom_text;geom_text_aimed;ggplot;scale_color_manual;scale_fill_manual;scale_y_continuous;stat_summary;theme_void	1	0	1	0	0	0	0	0	0
2024	2024/用于两组比较的多图形并列组合图-小提琴图+箱线图+散点图/用于两组比较的多图形并列组合图-小提琴图+箱线图+散点图.R	3054	74	adc92ef2e00b86521cb1dfc274d94288a9f2ee9493a67a99dec0bf495d91ddd6	gghalves;ggplot2	facet_wrap;geom_boxplot;geom_half_violin;geom_jitter;geom_point;ggplot;scale_color_manual;scale_fill_manual;theme_bw	1	0	1	0	0	0	0	0	0
2024	2024/用于两组比较的对称小提琴图+箱线图+散点图+均值点+误差棒+显著性/用于两组比较的对称小提琴图+箱线图+散点图+均值点+误差棒+显著性.R	8252	192	eef6c2a34f327c88e819b83492b3b7d8b0b169bf3ed063342124a3ea0710d6fb	gghalves;ggplot2;ggpubr	facet_wrap;geom_boxplot;geom_half_violin;geom_jitter;ggplot;scale_color_manual;scale_fill_manual;scale_y_continuous;stat_compare_means;stat_summary;theme_bw	1	0	1	0	0	0	0	0	2
2024	2024/箱线图+散点+均值连线+显著性的箱上箱下标注/箱线图+散点+均值连线+显著性的箱上箱下标注.R	3413	74	e4bbed475f8b2999e2f922140d37db1f58ebd2fc3c768b111444e76a7f05be49	dplyr;ggplot2;ggsignif	geom_boxplot;geom_jitter;geom_line;geom_point;geom_signif;ggplot;scale_fill_manual;scale_y_continuous;stat_boxplot;theme_bw	1	0	2	0	0	0	0	0	2
2024	2024/箱线图+散点+配对连线+显著性+分面/箱线图+散点+配对连线+显著性+分面.R	2733	65	5ad9def4034e6f148b0e399cf2c490dfeeba016203139c499e8c1b6ecb0ae64f	dplyr;ggplot2;ggpubr;rstatix	facet_wrap;geom_boxplot;geom_line;geom_point;ggplot;scale_color_manual;scale_fill_manual;stat_pvalue_manual;theme_classic	1	0	1	0	0	0	0	0	3
2024	2024/箱线图+显著性差异着色+分组差异检验/箱线图+显著性差异着色+分组差异检验.R	3304	93	b2412ef5fd749ecce1a75b509efc5d382f13e9e1626282f0e49c4ec02c65cc59	dplyr;ggh4x;ggplot2	geom_boxplot;geom_hline;geom_jitter;geom_vline;ggplot;scale_color_manual;stat_summary;theme_bw	1	0	1	0	0	0	0	0	0
2024	2024/箱线图+点线图+显著性+分组/箱线图+点线图+显著性+分组.R	5704	116	59fcce5e73b94cadf3ecc74b90a6d7c1bc403f2fbef07be21ffcb2f96cc8d3a9	Rmisc;aplot;dplyr;ggplot2;reshape2	coord_flip;facet_grid;geom_boxplot;geom_errorbar;geom_hline;geom_point;geom_segment;ggplot;scale_color_manual;scale_fill_manual;scale_y_continuous;stat_boxplot;theme_bw	1	0	1	0	0	0	0	0	0
2024	2024/箱线图+组内显著性+组内线性回归分析趋势性P值/箱线图+组内显著性+组内线性回归分析趋势性P值.R	11663	270	0eaf3021a16e873f1a2553c6ea650a6fc09b0ed8941354b62484b70a2bc2aba4	ggplot2;ggpmisc;reshape2	geom_boxplot;geom_jitter;geom_segment;geom_smooth;geom_vline;ggplot;scale_fill_manual;scale_x_continuous;scale_y_continuous;stat_poly_eq;theme_bw	1	0	1	0	0	0	0	0	0
2024	2024/线性相关性分析/线性相关性.R	3981	87	b5b58243a97c92cbf4842881294ee9a6e21c20e129dd6cdf250f5c22a71a7539	ggplot2;ggprism	geom_point;geom_smooth;geom_text;ggplot;scale_fill_prism;theme_bw;theme_prism	1	0	1	0	0	0	0	0	0
2024	2024/组合图-并列柱状图+数字标签+误差棒+占比饼图/组合图-并列柱状图+数字标签+误差棒+占比饼图.R	5592	121	0ed0113db8bad4578fa97e469f9f5ce47abafe6ad8dea12fc5d6c92da5c2bab4	dplyr;ggh4x;ggplot2;ggpubr;scales;scatterpie	coord_polar;geom_bar;geom_col;geom_errorbar;geom_text;ggplot;scale_color_manual;scale_fill_manual;scale_y_continuous;theme_classic;theme_void	1	0	1	0	0	0	0	0	0
2024	2024/组合图-进化树+柱状图+箱线图+热图/组合图-进化树+柱状图+箱线图+热图.R	6562	167	9ba4fa4aba0b092f9c6e78dba7bbb65d470991c24c02e30c9962c0c6d1700d70	ape;aplot;ggplot2;ggtree;reshape2;vegan	geom_boxplot;geom_col;geom_tile;geom_tiplab;ggplot;ggtree;scale_color_manual;scale_fill_gradient2;scale_fill_manual;scale_x_continuous;scale_x_discrete;scale_y_discrete;theme_bw	1	0	1	0	0	0	0	0	0
2024	2024/组合图系列-热图+棒棒糖+条形图/组合图系列-热图+棒棒糖+条形图.R	4048	111	19c9f851b4240f47ee4a4d7f43c40da1ccc38922419097df43e71324418cb98a	aplot;dplyr;ggplot2;reshape2	coord_flip;geom_col;geom_point;geom_segment;geom_tile;ggplot;scale_fill_gradient;scale_fill_gradient2;scale_y_continuous;scale_y_discrete;theme_classic;theme_void	1	0	1	0	0	0	0	0	0
2024	2024/组合图系列-箱线图+散点+分组散点注释/组合图系列-箱线图+散点+分组散点注释.R	2960	83	2308832a6ab1c8e01b93db446a7c571ed997994ca654907f9544a5fb290c918c	aplot;dplyr;ggplot2;randomcoloR;reshape2	geom_boxplot;geom_jitter;geom_point;ggplot;scale_color_manual;scale_fill_manual;stat_boxplot;theme_bw;theme_classic	1	0	1	0	0	0	0	0	0
2024	2024/组合图系列—相对丰度柱状堆积图+单组柱状图+显著性/组合图系列—相对丰度柱状堆积图+单组柱状图+显著性.R	6175	138	d6b04a9a79213f0f028ec9d5b18403d7d3c1ebb53dd9e344da46d40334b31457	dplyr;ggplot2;ggpubr;reshape2;stringr	coord_flip;facet_wrap;geom_bar;geom_col;geom_signif;ggplot;scale_fill_manual;scale_y_continuous;stat_compare_means;stat_summary;theme_bw	1	0	2	0	0	0	0	0	6
2024	2024/组合型热图+分组标记+R值与P值同时可视化/组合型热图+分组标记+R值与P值同时可视化.R	4565	101	eb5beaa7a5b5afaabf371e933384632c5e3c283d98cf6c22e0b4d41982ad6ab5	dplyr;ggplot2;psych;tidyr	geom_point;geom_tile;ggplot;scale_color_gradient2;scale_fill_manual;scale_size_continuous;scale_y_continuous;theme_bw	1	0	1	0	0	0	0	0	0
2024	2024/绝对量柱状堆积图+环形图数量统计+特数量标注/绝对量柱状堆积图+环形图数量统计+特数量标注.R	2774	69	d2e23e561bb13e064768a188a8b302f219b56e88e193a1523cb15d6793932ef3	formattable;ggplot2	coord_polar;geom_col;geom_rect;geom_text;ggplot;scale_fill_manual;scale_y_continuous;theme_bw;theme_void	1	0	1	0	0	0	0	0	0
2024	2024/网络图+微生物丰度与基因间的相关性+正负相关/网络图+微生物丰度与基因间的相关性+正负相关.R	3007	87	2aa265386672da6b861454aa17277d4b00ffe1880f0b85e74259938348da85ac	Hmisc;dplyr;igraph;psych;tidyr		1	0	2	0	0	0	0	0	0
2024	2024/花瓣图/花瓣图.R	2393	78	6aa842e81e16a8e0b0a4e6b2ebc28795bec7883f6d44996d93c7920e1fe9dfaf	RColorBrewer;ggplot2;grid;scales;tidyverse	coord_polar;geom_area;geom_col;geom_text;ggplot;scale_fill_manual;scale_x_continuous;theme_bw	0	0	0	0	0	0	0	0	0
2024	2024/蝶形图系列-并列箱线图与并列柱状图组合/蝶形图系列-并列箱线图与并列柱状图组合.R	3355	86	946a4a91d2c9bf87a92ed9cc38234044199c855fef99955de0266caa71b1c4d6	dplyr;ggplot2;ggpubr;reshape2	coord_flip;geom_bar;geom_boxplot;geom_point;ggplot;scale_color_manual;scale_fill_manual;scale_x_discrete;scale_y_continuous;scale_y_reverse;stat_summary;theme_classic	1	0	1	0	0	0	0	0	0
2024	2024/蝶形条形图&蝶形柱状堆积图/蝶形条形图&蝶形柱状堆积图.R	4706	122	d1f6efb6b67a7ae6e44089c785815030aaaeeadefd5a74c2f003d711bcdce322	aplot;ggplot2;reshape2	coord_flip;geom_col;geom_text;ggplot;scale_fill_manual;scale_y_continuous;theme_void	1	0	1	0	0	0	0	0	0
2024	2024/议会图/议会图.R	2800	67	fe09426054e2fb2945916e3e7ad33c51a0399a7039f8867bfb67ff878d47a414	ggparliament;tidyverse	geom_highlight_government;geom_parliament_bar;geom_parliament_seats;ggplot;scale_colour_manual;theme_ggparliament	0	2	1	0	0	0	0	0	0
2024	2024/词云图/词云图.R	1816	41	6611ad7de749a224e4d6f5809269ec980606f8ef2677909bcc88d4a9020798ea	wordcloud2		0	1	2	0	0	0	0	0	0
2024	2024/豆荚图+显著性+误差棒/豆荚图+显著性+误差棒.R	5222	126	e242ecd2d301418a8c6840411ef0e55a42653f693eade96234ee82fe631f78d7	dplyr;gghalves;ggplot2;patchwork	geom_half_violin;ggplot;scale_fill_manual;stat_summary;theme_bw	1	0	1	0	0	0	0	0	0
2024	2024/进化树+分组注释+配对连线/进化树+分组注释+配对连线.R	4075	111	014c17169f2a1e36a9acd5cea97990c919b24c05f45bbb680bbcb5fe1b84429f	ape;aplot;ggplot2;ggtree;patchwork;vegan	geom_segment;geom_text;geom_tiplab;geom_tippoint;ggplot;ggtree;scale_color_manual;scale_fill_manual;scale_x_reverse;theme_void	1	0	1	0	0	0	0	0	0
2024	2024/进化树+多热图组合/进化树+多热图组合.R	7393	173	87610ea77203927a266f5ecf84450b43338983a99ea04f0f0f871876c8382868	ape;aplot;dplyr;ggh4x;ggplot2;ggside;ggtree;reshape2;tidyr;vegan	geom_tile;geom_tiplab;geom_xsidetile;ggplot;ggtree;scale_color_manual;scale_fill_gradient2;scale_fill_multi;scale_x_discrete;scale_xfill_manual;theme_void	1	0	1	0	0	0	0	0	0
2024	2024/雷达图/雷达图.R	2846	77	4ff370a8120c2d9453c5c63efc21ad63673ddebbb1456624ec07e72b02d098ca	RColorBrewer;fmsb;grid;scales		0	1	1	0	1	0	0	0	0
2024	2024/饼图/饼图.R	2829	87	5b1602c673aea616f28d6b1f9f72d78606e736c111f954d8e89620c35c5dd8db	ggplot2;ggpubr;ggstatsplot;plotrix;scales	coord_polar;geom_bar;geom_text;ggplot;scale_fill_manual;theme_void	0	0	0	0	0	0	0	0	0
2024	2024/饼图中部分值的放大效果制作/饼图中部分值的放大效果制作.R	5585	153	fa59ca0291faeda9dfa01da3d8b3d67fc644d3997b5aa7cb43922b787d22da40	dplyr;formattable;ggplot2	coord_polar;geom_rect;geom_text;ggplot;scale_fill_manual;theme_void	1	0	1	0	0	0	0	0	0
2025	2025/世界地图+采样点标记+子地图放大效果/世界地图+采样点标记+子地图放大效果.R	2890	70	d84a6fa652695fc1e88e74727d1aa62ae288a1e34386dfff2f9d1cbd5da9cd94	aplot;dplyr;ggplot2	geom_point;geom_polygon;geom_rect;ggplot;scale_fill_manual;scale_x_continuous;scale_y_continuous;theme_bw	1	0	2	0	0	0	0	0	0
2025	2025/中国地图+省份子图+采样点放大效果展示/中国地图+省份子图+采样点放大效果展示.R	4611	112	6b1bc4d5bf6884b2a68f29af18c2aaa84255e4be3c3b13dc84ee0406dca1e119	export;ggspatial;sf;tidyverse	coord_sf;geom_sf;geom_sf_text;ggplot;scale_fill_manual;scale_size_continuous;scale_x_continuous;scale_y_continuous;theme_bw	1	0	2	0	0	0	0	0	0
2025	2025/分类水平进化树+分组气泡图+多类型注释信息/分类水平进化树+分组气泡图+多类型注释信息.R	5066	143	f6c3b00d9a5cae9d075acab7c59c72ac0ed6ed9e07f159ad9fb1b8b1e3e097bd	MicrobiotaProcess;dplyr;forcats;ggnewscale;ggplot2;ggstar;ggtree;ggtreeExtra;phyloseq	geom_fruit;geom_hilight;geom_tiplab;ggtree;scale_color_manual;scale_fill_manual;scale_size_continuous	1	0	2	0	0	0	0	0	0
2025	2025/分组散点+配对连线+显著性/分组散点+配对连线+显著性.R	2617	63	0e24a0bb2c80b4f5c692f56bbfa2513681800b6fb82549f42703f115ea3b5d6a	dplyr;ggplot2;ggpubr;rstatix	geom_line;geom_point;ggplot;scale_fill_manual;scale_x_continuous;stat_pvalue_manual;theme_classic	1	0	1	0	0	0	0	0	1
2025	2025/双分组倾斜火山图/双分组倾斜火山图.R	6470	170	1f8acb50cb9ffe72fc1649152f0cdbc501e152c25c5897aad6afe29245f20828	DESeq2;RColorBrewer;dplyr;ggplot2;ggrepel;grid;microeco;scales	geom_abline;geom_point;geom_text_repel;ggplot;scale_fill_manual;scale_size_continuous;theme_bw	1	0	2	0	0	0	0	0	0
2025	2025/并列柱状图+组内差异字母标记+组间差异字母标记/并列柱状图+组内差异字母标记+组间差异字母标记.R	6151	156	6022b35fc8726781fd42e006d055b18ce6b4672393020c901361740d69f38a54	agricolae;ggplot2;ggpubr	geom_bar;geom_text;ggplot;scale_color_manual;scale_fill_manual;scale_y_continuous;stat_summary;theme_bw	1	0	2	0	0	0	0	0	0
2025	2025/并列箱线图+散点+气泡图+分组+显著性/并列箱线图+散点+气泡图+分组+显著性.R	8361	163	285d66eb710a8bb863d6cb47f7834a514a5b6010b0b083d8e548263a00409f61	dplyr;ggplot2;ggsignif;patchwork;rstatix	geom_boxplot;geom_hline;geom_label;geom_point;geom_signif;ggplot;scale_color_gradient2;scale_fill_manual;scale_size_continuous;scale_y_continuous;theme_classic	1	0	1	0	0	0	0	0	2
2025	2025/气泡图+热图+相关性r值与p值的可视化/气泡图+热图+相关性r值与p值的可视化.R	5041	114	dc5b966e74ccc834799f203d9cae0f6502f9460a5815e72ba2c3499be01b16ea	dplyr;ggnewscale;ggplot2;psych;tidyr	geom_point;geom_tile;ggplot;scale_fill_gradient2;scale_fill_manual;scale_size_continuous;scale_x_discrete;scale_y_discrete;theme_bw	1	0	2	0	0	0	0	0	0
2025	2025/组合图-箱线图+显著性+散点图+拟合曲线/组合图-箱线图+显著性+散点图+拟合曲线.R	4281	91	dd1f8537724f039072fcefa94b373f525383efd30947f97b066db6f76da3405f	dplyr;ggh4x;ggplot2;ggpmisc;ggpubr;rstatix	geom_boxplot;geom_point;geom_smooth;geom_vline;ggplot;scale_color_manual;scale_fill_manual;scale_x_continuous;stat_pvalue_manual;theme_bw	1	0	2	0	0	0	0	0	1
2025	2025/组合嵌套图—柱状堆积图+并列箱线图/组合嵌套图—柱状堆积图+并列箱线图.R	3202	73	c8706cd45eed57ab4eb6bf6d10f040a760495629ed9d9692b03e1e3759875cf2	dplyr;ggh4x;ggplot2	geom_boxplot;geom_col;geom_errorbar;ggplot;scale_color_manual;scale_fill_manual;scale_y_continuous;theme_bw	1	0	2	0	0	0	0	0	0
2026	2026/mantel test进阶玩法1—多组学整合分析/Miccorplot3.R	7572	208	562cc250edd84763982d65ddfb611c0b77f6a76092e862635f6b62f940cdad1f	ggsymbol;psych;stringr	geom_point;geom_symbol;geom_text;geom_tile;ggplot;scale_fill_distiller;scale_fill_gradient2;scale_size;theme_void	0	0	0	0	0	0	0	0	0
2026	2026/mantel test进阶玩法1—多组学整合分析/Miccorplot3_2.R	7572	208	0af5133781c2e40f65b9d7eb559b4555de9809e77a1234dc894f771d97683432	ggsymbol;psych;stringr	geom_point;geom_symbol;geom_text;geom_tile;ggplot;scale_fill_distiller;scale_fill_gradient2;scale_size;theme_void	0	0	0	0	0	0	0	0	0
2026	2026/mantel test进阶玩法1—多组学整合分析/Miccorplot3_3.R	7572	208	9c4454dc20914a5b0e084fcdc161c250223b99ed773120f8ca983930a0316cd1	ggsymbol;psych;stringr	geom_point;geom_symbol;geom_text;geom_tile;ggplot;scale_fill_distiller;scale_fill_gradient2;scale_size;theme_void	0	0	0	0	0	0	0	0	0
2026	2026/mantel test进阶玩法1—多组学整合分析/Miccorplot3_4.R	7572	208	0a01f856c7cf5e4dcaf20cf4125217ed7e06d26f6d972aaa1542f7acece5dd85	ggsymbol;psych;stringr	geom_point;geom_symbol;geom_text;geom_tile;ggplot;scale_fill_distiller;scale_fill_gradient2;scale_size;theme_void	0	0	0	0	0	0	0	0	0
2026	2026/mantel test进阶玩法1—多组学整合分析/cor_linkj.R	6872	246	3cee74e78ed2c772204cfad053a3bce69c1b7a32fa0270690a044ae4ed87ea95	dplyr;ggnewscale;ggrepel	geom_curve;geom_point;geom_text_repel;scale_color_manual;scale_fill_manual;scale_size;scale_size_continuous	0	0	0	0	0	0	0	0	0
2026	2026/mantel test进阶玩法1—多组学整合分析/matcorplotj.R	1929	74	0f063683ae0909ea0cd13fce4a0a88aa77535318ea6a68ca906babba14b4bf68			0	0	0	0	0	0	0	0	0
amplicon	amplicon/NMDS.R	6957	146	c00d6d0881e94e651c37b744a37ba48ff30574a38ac376a3df89b0bc30f26d3c	ggplot2;ggpubr;ggsignif;vegan	coord_flip;geom_boxplot;geom_hline;geom_label;geom_point;geom_signif;geom_text;geom_vline;ggplot;ggsave;scale_color_manual;scale_fill_manual;stat_boxplot;stat_ellipse;theme_bw	1	2	1	0	0	1	0	0	2
amplicon	amplicon/OTU抽平.R	641	18	5fb55131ce365c1ca203b02e59f23b1c4ef9d8100b0a229c7cce4aa2e3eee195	vegan		1	0	1	0	0	0	0	0	0
amplicon	amplicon/PCA.R	5500	123	908b3ea3def425b6859a606d07b0267068bfe91afc9017e5fe3ab5efd5abe9d3	ggplot2;ggpubr;ggsignif	coord_flip;geom_boxplot;geom_hline;geom_point;geom_signif;geom_text;geom_vline;ggplot;ggsave;scale_color_manual;scale_fill_manual;stat_boxplot;stat_ellipse;theme_bw	1	3	1	0	0	1	0	0	2
amplicon	amplicon/PCoA.R	5935	133	33ca99fd9151b5d954926ff308c9c33281156f2b56be20611f8ec66d90b5b1da	ggplot2;ggpubr;ggsignif;vegan	coord_flip;geom_boxplot;geom_hline;geom_point;geom_signif;geom_text;geom_vline;ggplot;ggsave;scale_color_manual;scale_fill_manual;stat_boxplot;stat_ellipse;theme_bw	1	2	1	0	0	1	0	0	2
amplicon	amplicon/RDA.R	4932	121	907f5c35a4f71eaa8455dd803bcf9fd08f45fe616b88565e863679bac9a5b854	ggplot2;ggprism;ggpubr;lattice;permute;vegan	geom_bar;geom_hline;geom_point;geom_segment;geom_text;geom_vline;ggplot;scale_color_manual;scale_fill_manual;scale_fill_prism;scale_y_continuous;stat_ellipse;theme_bw;theme_classic	1	0	1	0	0	0	0	0	0
amplicon	amplicon/Venn.R	3057	97	34657ca7ad18099dc07dc43c06d657f57b45891d27e671d4eb2221451def706e	ggplot2;ggprism;venn	geom_col;geom_text;ggplot;ggsave;scale_y_continuous;theme_classic	1	1	1	0	0	1	0	0	0
amplicon	amplicon/heatmap.R	1622	48	9a1d071ca9e79cc116851ccd27aa8b1e2a9be7eac2452e283af005921815d145	pheatmap		1	1	1	0	0	0	0	0	0
amplicon	amplicon/mantel test分析.R	2552	58	76ccd77c26ceb948bdb5f50fac4ce611ad244d61c9db620e547ba8e8ef2e865c	devtools;dplyr;ggcor;ggplot2;vegan	geom_mark;geom_square;mantel_test;scale_color_manual;scale_fill_gradient2;scale_size_manual	1	4	1	0	0	0	0	0	0
amplicon	amplicon/α-diversity-字母标记.R	5010	127	36b65001c17f5c79604551769a141200294681f0d1d4aa54285af01b0fc551e1	agricolae;dplyr;ggplot2;patchwork;vegan	geom_boxplot;geom_jitter;geom_text;ggplot;ggsave;scale_fill_manual;scale_y_continuous;theme_bw	1	0	1	0	0	1	0	0	0
amplicon	amplicon/α-diversity.R	7537	161	f6d3892dff2e94f47fc1fb58655cb171c69cb1c7b5b094bf0fea457a829acb81	RColorBrewer;cowplot;dplyr;ggplot2;ggpubr;ggsignif;gridExtra;picante;vegan	geom_boxplot;geom_jitter;geom_signif;ggplot;ggsave;plot_grid;scale_fill_manual;stat_boxplot;theme_bw	1	8	1	0	0	1	0	0	4
amplicon	amplicon/共现性分析/共线性网络分析.R	6836	191	391c95631c7af6c5b18a0d1dfc4ce4f11fff906d3c2039da0dd782aa388022d1	Hmisc;ggplot2;ggpubr;ggsignif;igraph	geom_boxplot;geom_jitter;geom_signif;ggplot;stat_boxplot;theme_bw	1	0	2	0	0	0	0	0	1
amplicon	amplicon/差异OTU筛选.R	3286	84	2e69fdd9804afa3f0884ae1ff3c7047f1891c21419b22499e38a653588da41b4	BiocManager;DESeq2;ggplot2;ggrepel	geom_hline;geom_point;geom_text_repel;geom_vline;ggplot;scale_color_manual;scale_x_continuous;theme_bw	1	4	1	0	0	0	0	0	0
amplicon	amplicon/物种丰度与代谢组数据的关联度分析及可视化.R	1453	45	08ced7e55b736eb3aa177b7942b645408012aff669f6c97962196d6a79bf886b	ComplexHeatmap;Hmisc;circlize		1	0	1	0	0	0	0	0	0
amplicon	amplicon/物种丰度计算及可视化.R	4128	110	b84969d8e2c78ca93953cf7d7eed3cb863c916519ca5ba3f2c4fb122887e4802	ggplot2;ggprism;plyr;reshape2	geom_bar;geom_col;ggplot;scale_fill_prism;scale_y_continuous;theme_bw	1	4	1	0	0	0	0	0	0
amplicon	amplicon/组间差异性检验-Anosim&MRPP&Adonis.R	3200	85	7f031cb8777952daf9d79dae65073d34f3b1ef8cae54f713556bee819a4877ee	ggplot2;ggprism;vegan	geom_boxplot;geom_point;ggplot;scale_fill_manual;stat_boxplot;theme_bw;theme_classic	1	3	1	0	0	0	0	0	0
amplicon	amplicon/聚类分析.R	2054	50	03fb9ca4f48b36a0206d65c64a2b6c8a802b47692c4d6bc6f2ee1a56bd3916fb	ape;ggtree;vegan	geom_tiplab;ggtree;scale_color_manual	1	3	1	0	0	0	0	0	0
