journal_name,group_name,soil_relevance,publisher,language_or_region,soil_topic_scope,official_author_url,official_source_status,source_accessed_at,cscd_2025_2026,scopus_2026_07,scopus_coverage,scopus_source_id,evidence_grade,caution,evidence_sources,evidence_accessed_at
北京林业大学学报,中文综合与交叉期刊,综合交叉,北京林业大学,中文/中英摘要,森林土壤、生态修复和水土保持,http://j.bjfu.edu.cn/,official entry recorded,2026-08-15,C,,,,CSCD 核心,,http://sciencechina.cn/select | https://www.elsevier.com/products/scopus/content,2026-08-15
草地学报,中文土壤学及相关专业期刊,土壤及邻近,中国草学会,中文/中英摘要,草地土壤/生态,https://manu40.magtech.com.cn/Jweb_cdxb/,官网投稿须知,2026-08-15,C,,,,CSCD 核心,,http://sciencechina.cn/select | https://www.elsevier.com/products/scopus/content,2026-08-15
草业科学,中文土壤学及相关专业期刊,土壤及邻近,中国草学会、兰州大学,中文/中英摘要,草地土壤/资源管理,http://cykx.lzu.edu.cn/,官网投稿须知,2026-08-15,C,,,,CSCD 核心,,http://sciencechina.cn/select | https://www.elsevier.com/products/scopus/content,2026-08-15
草业学报,中文土壤学及相关专业期刊,土壤及邻近,中国草学会、兰州大学,中文/中英摘要,草地土壤/草地生态,http://cyxb.magtech.com.cn/,官网投稿须知,2026-08-15,C,,,,CSCD 核心,,http://sciencechina.cn/select | https://www.elsevier.com/products/scopus/content,2026-08-15
沉积学报,中文综合与交叉期刊,综合交叉,中国科学院地质与地球物理研究所等,中文/中英摘要,古土壤、沉积物—土壤界面和环境演化,http://www.cjxb.ac.cn/,official entry recorded,2026-08-15,C,,,,CSCD 核心,,http://sciencechina.cn/select | https://www.elsevier.com/products/scopus/content,2026-08-15
地理科学,中文综合与交叉期刊,综合交叉,中国科学院东北地理与农业生态研究所、中国地理学会,中文/中英摘要,土壤地理、土地利用与生态环境空间过程,http://geoscien.neigae.ac.cn/,official entry recorded,2026-08-15,C,,,,CSCD 核心,,http://sciencechina.cn/select | https://www.elsevier.com/products/scopus/content,2026-08-15
地理科学进展,中文土壤学及相关专业期刊,土壤及邻近,中国科学院地理科学与资源研究所、中国地理学会,中文/中英摘要,土地系统/土壤空间过程,https://www.progressingeography.com/,官网投稿须知,2026-08-15,C,,,,CSCD 核心,,http://sciencechina.cn/select | https://www.elsevier.com/products/scopus/content,2026-08-15
地理学报,中文土壤学及相关专业期刊,土壤及邻近,中国地理学会、中国科学院地理科学与资源研究所,中文/中英摘要,土壤地理/土地系统,https://www.geog.com.cn/,官网投稿须知,2026-08-15,C,,,,CSCD 核心,,http://sciencechina.cn/select | https://www.elsevier.com/products/scopus/content,2026-08-15
地球化学,中文综合与交叉期刊,综合交叉,中国科学院广州地球化学研究所、中国矿物岩石地球化学学会,中文/中英摘要,土壤元素循环、同位素、风化和污染地球化学,http://www.gyig.ac.cn/,official entry recorded,2026-08-15,C,,,,CSCD 核心,,http://sciencechina.cn/select | https://www.elsevier.com/products/scopus/content,2026-08-15
地球科学进展,中文综合与交叉期刊,综合交叉,中国科学院资源环境科学信息中心、国家自然科学基金委员会,中文/中英摘要,土壤关键带、风化、地球系统与前沿综述,http://www.adearth.ac.cn/,official entry recorded,2026-08-15,C,,,,CSCD 核心,,http://sciencechina.cn/select | https://www.elsevier.com/products/scopus/content,2026-08-15
地球信息科学学报,中文土壤学及相关专业期刊,土壤及邻近,中国科学院地理科学与资源研究所、中国地理学会,中文/中英摘要,数字土壤制图/空间信息,https://www.dqxxkx.cn/,官网投稿须知,2026-08-15,C,,,,CSCD 核心,,http://sciencechina.cn/select | https://www.elsevier.com/products/scopus/content,2026-08-15
地质学报,中文综合与交叉期刊,综合交叉,中国地质学会,中文/中英摘要,古土壤、关键带、风化壳与地质环境,https://www.geojournals.cn/dzxb/ch/first_menu.aspx?parent_id=2008061202354001,official entry recorded,2026-08-15,C,,,,CSCD 核心,,http://sciencechina.cn/select | https://www.elsevier.com/products/scopus/content,2026-08-15
第四纪研究,中文综合与交叉期刊,综合交叉,中国科学院地质与地球物理研究所、中国第四纪研究委员会,中文/中英摘要,古土壤、环境演变、年代学与气候记录,http://www.dsjyj.com.cn/,official entry recorded,2026-08-15,C,,,,CSCD 核心,,http://sciencechina.cn/select | https://www.elsevier.com/products/scopus/content,2026-08-15
东北农业大学学报,中文土壤学及相关专业期刊,土壤及邻近,东北农业大学,中文/中英摘要,寒地土壤/农业资源,http://dbnydxxb.cnjournals.com/,官网投稿须知,2026-08-15,C,,,,CSCD 核心,,http://sciencechina.cn/select | https://www.elsevier.com/products/scopus/content,2026-08-15
干旱区研究,中文土壤学及相关专业期刊,土壤及邻近,中国科学院新疆生态与地理研究所,中文/中英摘要,干旱土壤/生态水文,http://azr.xjegi.com/,官网投稿须知,2026-08-15,C,,,,CSCD 核心,,http://sciencechina.cn/select | https://www.elsevier.com/products/scopus/content,2026-08-15
干旱区资源与环境,中文土壤学及相关专业期刊,土壤及邻近,中国自然资源学会干旱半干旱地区研究委员会、内蒙古农业大学,中文/中英摘要,土地退化/资源环境,http://ghzh.cbpt.cnki.net/,CNKI 期刊门户内投稿须知,2026-08-15,C,,,,CSCD 核心,,http://sciencechina.cn/select | https://www.elsevier.com/products/scopus/content,2026-08-15
华北农学报,中文土壤学及相关专业期刊,土壤及邻近,北京、天津、河北等农科院联合主办,中文/中英摘要,农田土壤/养分/作物,http://www.hbnxb.net/,官网投稿须知,2026-08-15,C,,,,CSCD 核心,,http://sciencechina.cn/select | https://www.elsevier.com/products/scopus/content,2026-08-15
华中农业大学学报,中文土壤学及相关专业期刊,土壤及邻近,华中农业大学,中文/中英摘要,土壤肥料/资源环境,http://hnxbl.cnjournals.net/,官网投稿须知,2026-08-15,C,,,,CSCD 核心,,http://sciencechina.cn/select | https://www.elsevier.com/products/scopus/content,2026-08-15
环境工程学报,中文土壤学及相关专业期刊,土壤及邻近,中国科学院生态环境研究中心,中文/中英摘要,土壤修复/固废资源化,https://www.cjee.ac.cn/,官网投稿须知,2026-08-15,E,,,,CSCD 扩展,,http://sciencechina.cn/select | https://www.elsevier.com/products/scopus/content,2026-08-15
环境化学,中文综合与交叉期刊,综合交叉,中国科学院生态环境研究中心,中文/中英摘要,土壤污染物形态、界面反应、分析与风险,https://www.sciengine.com/EC/home,official entry recorded,2026-08-15,C,,,,CSCD 核心,,http://sciencechina.cn/select | https://www.elsevier.com/products/scopus/content,2026-08-15
环境科学,中文土壤学及相关专业期刊,土壤及邻近,中国科学院生态环境研究中心,中文/中英摘要,土壤污染/环境化学,https://www.hjkx.ac.cn/,官网投稿须知,2026-08-15,C,,,,CSCD 核心,,http://sciencechina.cn/select | https://www.elsevier.com/products/scopus/content,2026-08-15
环境科学学报,中文土壤学及相关专业期刊,土壤及邻近,中国科学院生态环境研究中心,中文/中英摘要,土壤污染/环境过程,https://www.sciengine.com/SE/Journal/hjkxxb,官网投稿指南,2026-08-15,C,,,,CSCD 核心,,http://sciencechina.cn/select | https://www.elsevier.com/products/scopus/content,2026-08-15
环境科学研究,中文综合与交叉期刊,综合交叉,中国环境科学研究院,中文/中英摘要,土壤污染、风险评估、修复与环境管理,https://www.hjkxyj.org.cn/,official entry recorded,2026-08-15,C,,,,CSCD 核心,,http://sciencechina.cn/select | https://www.elsevier.com/products/scopus/content,2026-08-15
环境科学与技术,中文综合与交叉期刊,综合交叉,湖北省生态环境科学研究院,中文/中英摘要,土壤污染、修复材料、环境风险与工程应用,http://www.fjks.com.cn/,official entry recorded,2026-08-15,C,,,,CSCD 核心,,http://sciencechina.cn/select | https://www.elsevier.com/products/scopus/content,2026-08-15
节水灌溉,中文土壤学及相关专业期刊,土壤及邻近,武汉大学、中国国家灌溉排水委员会,中文/中英摘要,土壤水分/灌溉,http://www.jsgg.com.cn/,官网投稿须知,2026-08-15,,,,,期刊资料,CSCD 2025–2026 来源期刊表中未检索到该刊。,http://sciencechina.cn/select | https://www.elsevier.com/products/scopus/content,2026-08-15
科学通报,中文综合与交叉期刊,综合交叉,中国科学院、国家自然科学基金委员会,中文/英文,具有较广科学意义的土壤、生态、农业和地球系统研究,https://www.sciengine.com/CSB/home,official entry recorded,2026-08-15,C,,,,CSCD 核心,,http://sciencechina.cn/select | https://www.elsevier.com/products/scopus/content,2026-08-15
矿物岩石地球化学通报,中文土壤学及相关专业期刊,土壤及邻近,中国矿物岩石地球化学学会、中国科学院地球化学研究所,中文/中英摘要,土壤地球化学/矿物过程,http://www.bulletin.cas.cn/,官网投稿须知,2026-08-15,C,,,,CSCD 核心,,http://sciencechina.cn/select | https://www.elsevier.com/products/scopus/content,2026-08-15
林业科学,中文综合与交叉期刊,综合交叉,中国林学会,中文/中英摘要,森林土壤、根际、凋落物和生态恢复,http://www.linyekexue.net/,official entry recorded,2026-08-15,C,,,,CSCD 核心,,http://sciencechina.cn/select | https://www.elsevier.com/products/scopus/content,2026-08-15
南京农业大学学报,中文土壤学及相关专业期刊,土壤及邻近,南京农业大学,中文/中英摘要,土壤农业化学/植物营养,https://nauxb.njau.edu.cn/,官网投稿须知,2026-08-15,C,,,,CSCD 核心,,http://sciencechina.cn/select | https://www.elsevier.com/products/scopus/content,2026-08-15
农业工程学报,中文土壤学及相关专业期刊,土壤及邻近,中国农业工程学会,中文/中英摘要,耕作/土壤水肥/遥感,http://www.tcsae.org/,官网投稿须知,2026-08-15,C,,,,CSCD 核心,,http://sciencechina.cn/select | https://www.elsevier.com/products/scopus/content,2026-08-15
农业环境科学学报,中文土壤学及相关专业期刊,土壤及邻近,农业农村部环境保护科研监测所、中国农业生态环境保护协会,中文/中英摘要,土壤环境/污染修复,https://www.aes.org.cn/nyhjkxxb/,本地包已有征稿简则 PDF,2026-08-15,C,,,,CSCD 核心,,http://sciencechina.cn/select | https://www.elsevier.com/products/scopus/content,2026-08-15
农业机械学报,中文土壤学及相关专业期刊,土壤及邻近,中国农业机械学会、中国农业机械化科学研究院,中文/中英摘要,耕作机械/土壤工程,http://www.j-csam.org/,官网投稿须知,2026-08-15,C,,,,CSCD 核心,,http://sciencechina.cn/select | https://www.elsevier.com/products/scopus/content,2026-08-15
农业现代化研究,中文土壤学及相关专业期刊,土壤及邻近,中国科学院亚热带农业生态研究所,中文/中英摘要,农业生态/资源环境,http://nyxdhyj.isa.ac.cn/,官网投稿须知,2026-08-15,C,,,,CSCD 核心,,http://sciencechina.cn/select | https://www.elsevier.com/products/scopus/content,2026-08-15
农业资源与环境学报,中文土壤学及相关专业期刊,土壤及邻近,农业农村部环境保护科研监测所,中文/中英摘要,农业资源/土壤环境,https://www.aed.org.cn/nyzyyhjxb/,官网投稿须知,2026-08-15,C,,,,CSCD 核心,,http://sciencechina.cn/select | https://www.elsevier.com/products/scopus/content,2026-08-15
生态毒理学报,中文综合与交叉期刊,综合交叉,中国科学院生态环境研究中心,中文/中英摘要,土壤污染生态毒理、风险和生物效应,https://cdn.sciengine.com/AJE/home,official entry recorded,2026-08-15,E,,,,CSCD 扩展,,http://sciencechina.cn/select | https://www.elsevier.com/products/scopus/content,2026-08-15
生态环境学报,中文土壤学及相关专业期刊,土壤及邻近,广东省生态环境与土壤研究所、广东省土壤学会,中文/中英摘要,土壤生态/环境,http://www.jeesci.com/,官网投稿须知,2026-08-15,C,,,,CSCD 核心,,http://sciencechina.cn/select | https://www.elsevier.com/products/scopus/content,2026-08-15
生态学报,中文土壤学及相关专业期刊,土壤及邻近,中国生态学学会、中国科学院生态环境研究中心,中文/中英摘要,土壤生态/生态系统,https://www.ecologica.cn/,官网投稿须知,2026-08-15,C,,,,CSCD 核心,,http://sciencechina.cn/select | https://www.elsevier.com/products/scopus/content,2026-08-15
生态学杂志,中文土壤学及相关专业期刊,土壤及邻近,中国生态学学会、中国科学院沈阳应用生态研究所,中文/中英摘要,土壤生态/生态过程,http://www.cje.net.cn/,官网投稿须知,2026-08-15,C,,,,CSCD 核心,,http://sciencechina.cn/select | https://www.elsevier.com/products/scopus/content,2026-08-15
生态与农村环境学报,中文土壤学及相关专业期刊,土壤及邻近,生态环境部南京环境科学研究所,中文/中英摘要,土壤生态/农村环境,http://www.ere.ac.cn/,官网投稿须知,2026-08-15,C,,,,CSCD 核心,,http://sciencechina.cn/select | https://www.elsevier.com/products/scopus/content,2026-08-15
生物多样性,中文综合与交叉期刊,综合交叉,中国科学院植物研究所、中国植物学会,中文/中英摘要,土壤生物多样性、地下生态与保护,https://www.biodiversity-science.net/,official entry recorded,2026-08-15,C,,,,CSCD 核心,,http://sciencechina.cn/select | https://www.elsevier.com/products/scopus/content,2026-08-15
湿地科学,中文土壤学及相关专业期刊,土壤及邻近,中国科学院东北地理与农业生态研究所、中国生态学学会,中文/中英摘要,湿地土壤/生物地球化学,http://wetlands.neigae.ac.cn/,官网投稿须知,2026-08-15,C,,,,CSCD 核心,,http://sciencechina.cn/select | https://www.elsevier.com/products/scopus/content,2026-08-15
水土保持通报,中文土壤学及相关专业期刊,土壤及邻近,中国科学院水利部水土保持研究所,中文/中英摘要,土壤侵蚀/水土保持,http://stbctb.alljournal.com.cn/,官网投稿须知,2026-08-15,E,,,,CSCD 扩展,,http://sciencechina.cn/select | https://www.elsevier.com/products/scopus/content,2026-08-15
水土保持学报,中文土壤学及相关专业期刊,土壤及邻近,中国科学院水利部水土保持研究所,中文/中英摘要,土壤侵蚀/水土保持,https://www.stbcxb.com.cn/zh/info/16499/,投稿须知与写作指南均有官方页面,2026-08-15,C,,,,CSCD 核心,,http://sciencechina.cn/select | https://www.elsevier.com/products/scopus/content,2026-08-15
水土保持研究,中文土壤学及相关专业期刊,土壤及邻近,中国科学院水利部水土保持研究所,中文/中英摘要,土壤侵蚀/生态恢复,http://stbcyj.paperonce.org/,官网投稿须知,2026-08-15,C,,,,CSCD 核心,,http://sciencechina.cn/select | https://www.elsevier.com/products/scopus/content,2026-08-15
土壤,中文土壤学及相关专业期刊,直接土壤,中国科学院南京土壤研究所,中文/中英摘要,直接土壤学,http://soils.issas.ac.cn/,官网投稿须知；本地包已有保存件,2026-08-15,C,,,,CSCD 核心,,http://sciencechina.cn/select | https://www.elsevier.com/products/scopus/content,2026-08-15
土壤通报,中文土壤学及相关专业期刊,直接土壤,中国土壤学会、沈阳农业大学,中文/中英摘要,直接土壤学,http://www.trtb.net/tougaozhinan,当前指南仍写 GB/T 7714—2015；模板下载有验证码,2026-08-15,C,,,,CSCD 核心,,http://sciencechina.cn/select | https://www.elsevier.com/products/scopus/content,2026-08-15
土壤学报,中文土壤学及相关专业期刊,直接土壤,中国科学院南京土壤研究所、中国土壤学会,中文/中英摘要,直接土壤学,http://pedologica.issas.ac.cn/,官网内“投稿指南/下载中心”,2026-08-15,C,,,,CSCD 核心,,http://sciencechina.cn/select | https://www.elsevier.com/products/scopus/content,2026-08-15
土壤与作物,中文土壤学及相关专业期刊,直接土壤,中国科学院东北地理与农业生态研究所,中文/中英摘要,直接土壤学/作物,http://trzw.cbpt.cnki.net/,官网投稿须知,2026-08-15,,,,,期刊资料,CSCD 2025–2026 来源期刊表中未检索到该刊。,http://sciencechina.cn/select | https://www.elsevier.com/products/scopus/content,2026-08-15
微生物学报,中文综合与交叉期刊,综合交叉,中国科学院微生物研究所、中国微生物学会,中文/中英摘要,土壤微生物生态、功能菌与组学,https://actamicro.ijournals.cn/actamicrocn/,official entry recorded,2026-08-15,C,,,,CSCD 核心,,http://sciencechina.cn/select | https://www.elsevier.com/products/scopus/content,2026-08-15
微生物学通报,中文综合与交叉期刊,综合交叉,中国科学院微生物研究所、中国微生物学会,中文/中英摘要,土壤微生物技术、群落与教学方法,https://wswxtb.ijournals.cn/wswxtbcn/,official entry recorded,2026-08-15,C,,,,CSCD 核心,,http://sciencechina.cn/select | https://www.elsevier.com/products/scopus/content,2026-08-15
西北农林科技大学学报（自然科学版）,中文土壤学及相关专业期刊,土壤及邻近,西北农林科技大学,中文/中英摘要,水土保持/土壤肥料,https://www.xnxbz.net/,官网投稿须知,2026-08-15,C,,,,CSCD 核心,,http://sciencechina.cn/select | https://www.elsevier.com/products/scopus/content,2026-08-15
西南农业学报,中文土壤学及相关专业期刊,土壤及邻近,西南地区农业科学院等,中文/中英摘要,土壤肥料/农业生态,http://www.xnnyxb.com/,官网投稿须知,2026-08-15,E,,,,CSCD 扩展,,http://sciencechina.cn/select | https://www.elsevier.com/products/scopus/content,2026-08-15
岩矿测试,中文土壤学及相关专业期刊,土壤及邻近,中国地质学会岩矿测试技术专业委员会、国家地质实验测试中心,中文/中英摘要,土壤矿物/元素分析方法,http://www.ykcs.ac.cn/,官网投稿须知,2026-08-15,C,,,,CSCD 核心,,http://sciencechina.cn/select | https://www.elsevier.com/products/scopus/content,2026-08-15
岩石矿物学杂志,中文土壤学及相关专业期刊,土壤及邻近,中国地质学会岩石学专业委员会等,中文/中英摘要,土壤矿物学/黏土矿物,http://www.yskw.ac.cn/,官网投稿须知,2026-08-15,C,,,,CSCD 核心,,http://sciencechina.cn/select | https://www.elsevier.com/products/scopus/content,2026-08-15
遥感学报,中文土壤学及相关专业期刊,土壤及邻近,中国科学院空天信息创新研究院、中国地理学会,中文/中英摘要,土壤遥感/数字制图,https://www.ygxb.ac.cn/,官网投稿须知,2026-08-15,C,,,,CSCD 核心,,http://sciencechina.cn/select | https://www.elsevier.com/products/scopus/content,2026-08-15
应用生态学报,中文土壤学及相关专业期刊,土壤及邻近,中国生态学学会、中国科学院沈阳应用生态研究所,中文/中英摘要,土壤生态/农林生态,http://www.cjae.net/,官网投稿须知,2026-08-15,C,,,,CSCD 核心,,http://sciencechina.cn/select | https://www.elsevier.com/products/scopus/content,2026-08-15
长江流域资源与环境,中文综合与交叉期刊,综合交叉,中国科学院武汉文献情报中心、中国科学院南京地理与湖泊研究所,中文/中英摘要,流域土壤、土地利用、生态风险和面源污染,https://yangtzebasin.whlib.ac.cn/,official entry recorded,2026-08-15,C,,,,CSCD 核心,,http://sciencechina.cn/select | https://www.elsevier.com/products/scopus/content,2026-08-15
浙江大学学报（农业与生命科学版）,中文土壤学及相关专业期刊,土壤及邻近,浙江大学,中文/中英摘要,土壤资源/植物营养,https://www.zjujournals.com/agr/,官网投稿须知,2026-08-15,C,,,,CSCD 核心,,http://sciencechina.cn/select | https://www.elsevier.com/products/scopus/content,2026-08-15
植物生态学报,中文土壤学及相关专业期刊,土壤及邻近,中国科学院植物研究所、中国植物学会,中文/中英摘要,土壤—植物关系/生态,https://www.plant-ecology.com/,官网投稿须知,2026-08-15,C,,,,CSCD 核心,,http://sciencechina.cn/select | https://www.elsevier.com/products/scopus/content,2026-08-15
植物营养与肥料学报,中文土壤学及相关专业期刊,土壤及邻近,中国植物营养与肥料学会,中文/中英摘要,植物营养/肥料/土壤,https://www.plantnutrifert.org/,本地包已有投稿须知 PDF,2026-08-15,C,,,,CSCD 核心,,http://sciencechina.cn/select | https://www.elsevier.com/products/scopus/content,2026-08-15
中国环境科学,中文土壤学及相关专业期刊,土壤及邻近,中国环境科学学会,中文/中英摘要,土壤污染/修复,http://www.zghjkx.com.cn/,官网投稿须知,2026-08-15,C,,,,CSCD 核心,,http://sciencechina.cn/select | https://www.elsevier.com/products/scopus/content,2026-08-15
中国科学：地球科学,中文综合与交叉期刊,综合交叉,中国科学院、国家自然科学基金委员会,中文/英文,土壤形成、关键带、风化、地球化学和陆面过程,https://www.sciengine.com/SCES/home,official entry recorded,2026-08-15,C,,,,CSCD 核心,,http://sciencechina.cn/select | https://www.elsevier.com/products/scopus/content,2026-08-15
中国农学通报,中文土壤学及相关专业期刊,土壤及邻近,中国农学会,中文/中英摘要,土壤肥料/资源环境,https://www.casb.org.cn/,官网投稿须知,2026-08-15,,,,,期刊资料,CSCD 2025–2026 来源期刊表中未检索到该刊。,http://sciencechina.cn/select | https://www.elsevier.com/products/scopus/content,2026-08-15
中国农业科学,中文土壤学及相关专业期刊,土壤及邻近,中国农业科学院,中文/中英摘要,土壤肥料/农业资源环境,https://www.chinaagrisci.com/,官网投稿须知,2026-08-15,C,,,,CSCD 核心,,http://sciencechina.cn/select | https://www.elsevier.com/products/scopus/content,2026-08-15
中国农业资源与区划,中文土壤学及相关专业期刊,土壤及邻近,中国农业科学院农业资源与农业区划研究所,中文/中英摘要,耕地质量/土地资源,https://www.cjarrp.com/,官网投稿须知,2026-08-15,C,,,,CSCD 核心,,http://sciencechina.cn/select | https://www.elsevier.com/products/scopus/content,2026-08-15
中国沙漠,中文综合与交叉期刊,综合交叉,中国科学院西北生态环境资源研究院、中国地理学会,中文/中英摘要,荒漠土壤、风蚀、土地退化与恢复,http://www.desert.ac.cn/,official entry recorded,2026-08-15,C,,,,CSCD 核心,,http://sciencechina.cn/select | https://www.elsevier.com/products/scopus/content,2026-08-15
中国生态农业学报（中英文）,中文土壤学及相关专业期刊,土壤及邻近,中国科学院遗传与发育生物学研究所农业资源研究中心、中国生态经济学学会,中英文,农田土壤/生态农业,https://www.ecoagri.ac.cn/,官网投稿指南,2026-08-15,C,,,,CSCD 核心,,http://sciencechina.cn/select | https://www.elsevier.com/products/scopus/content,2026-08-15
中国水土保持科学,中文土壤学及相关专业期刊,土壤及邻近,中国水土保持学会,中文/中英摘要,土壤侵蚀/水土保持,http://www.sswcc.org.cn/,官网投稿须知,2026-08-15,C,,,,CSCD 核心,,http://sciencechina.cn/select | https://www.elsevier.com/products/scopus/content,2026-08-15
中国土壤与肥料,中文土壤学及相关专业期刊,土壤及邻近,中国农业科学院农业资源与农业区划研究所、中国植物营养与肥料学会,中文/中英摘要,土壤肥力/肥料,https://chinatrfl.alljournal.net.cn/,官网投稿须知,2026-08-15,C,,,,CSCD 核心,,http://sciencechina.cn/select | https://www.elsevier.com/products/scopus/content,2026-08-15
资源科学,中文土壤学及相关专业期刊,土壤及邻近,中国科学院地理科学与资源研究所、中国自然资源学会,中文/中英摘要,土地资源/生态系统服务,https://www.resci.cn/,官网投稿须知,2026-08-15,C,,,,CSCD 核心,,http://sciencechina.cn/select | https://www.elsevier.com/products/scopus/content,2026-08-15
自然资源学报,中文综合与交叉期刊,综合交叉,中国自然资源学会、中国科学院地理科学与资源研究所,中文/中英摘要,耕地、土地退化、土壤资源与生态系统服务,https://www.jnr.ac.cn/,official entry recorded,2026-08-15,C,,,,CSCD 核心,,http://sciencechina.cn/select | https://www.elsevier.com/products/scopus/content,2026-08-15
自然资源遥感,中文土壤学及相关专业期刊,土壤及邻近,中国自然资源航空物探遥感中心,中文/中英摘要,土壤与土地遥感,https://www.gtzyyg.com/,官网投稿须知,2026-08-15,C,,,,CSCD 核心,,http://sciencechina.cn/select | https://www.elsevier.com/products/scopus/content,2026-08-15
作物学报,中文土壤学及相关专业期刊,土壤及邻近,中国作物学会、中国农业科学院作物科学研究所,中文/中英摘要,土壤—作物/养分管理,https://zwxb.chinacrops.org/,官网投稿须知,2026-08-15,C,,,,CSCD 核心,,http://sciencechina.cn/select | https://www.elsevier.com/products/scopus/content,2026-08-15
Acta Agriculturae Scandinavica Section B: Soil and Plant Science,国际土壤学专业期刊,直接土壤,Taylor & Francis,International / English,直接土壤学/土壤过程,https://www.tandfonline.com/action/authorSubmission?show=instructions&journalCode=sagb20,已定位官方投稿入口,2026-08-15,,Active,1992-2026,51952,Scopus 收录,,http://sciencechina.cn/select | https://www.elsevier.com/products/scopus/content,2026-08-15
Acta Pedologica Sinica,国际土壤学专业期刊,直接土壤,待核验,International / English,直接土壤学/土壤过程,,仅完成分类收录，投稿入口待逐刊核验,2026-08-15,,Active,2016-2026; 1988; 1983-1985; 1979-1980,85584,Scopus 收录,投稿链接尚未收录，请通过期刊主办单位或出版机构官网查询。,http://sciencechina.cn/select | https://www.elsevier.com/products/scopus/content,2026-08-15
Advances in Agriculture,国际土壤学交叉期刊,土壤及邻近,待核验,International / English,Scopus 土壤学分类中的交叉期刊,,仅完成分类收录，投稿入口待逐刊核验,2026-08-15,,Active,2014-2026,21101066325,Scopus 收录,投稿链接尚未收录，请通过期刊主办单位或出版机构官网查询。,http://sciencechina.cn/select | https://www.elsevier.com/products/scopus/content,2026-08-15
Agricultural and Environmental Letters,国际土壤学交叉期刊,土壤及邻近,待核验,International / English,Scopus 土壤学分类中的交叉期刊,,仅完成分类收录，投稿入口待逐刊核验,2026-08-15,,Active,2016-2026,21100976164,Scopus 收录,投稿链接尚未收录，请通过期刊主办单位或出版机构官网查询。,http://sciencechina.cn/select | https://www.elsevier.com/products/scopus/content,2026-08-15
Agricultural and Forest Meteorology,国际综合与跨学科期刊,综合交叉,Elsevier,国际/英文,土壤水热、蒸散、碳通量和陆气交换,https://www.sciencedirect.com/journal/agricultural-and-forest-meteorology/publish/guide-for-authors,official entry recorded,2026-08-15,,Active,1984-2026,12067,Scopus 收录,,http://sciencechina.cn/select | https://www.elsevier.com/products/scopus/content,2026-08-15
Agricultural Systems,国际综合与跨学科期刊,综合交叉,Elsevier,国际/英文,土壤管理在农场和食物系统中的综合效应,https://www.sciencedirect.com/journal/agricultural-systems/publish/guide-for-authors,official entry recorded,2026-08-15,,Active,1976-2026,15061,Scopus 收录,,http://sciencechina.cn/select | https://www.elsevier.com/products/scopus/content,2026-08-15
Agricultural Water Management,国际土壤学交叉期刊,土壤及邻近,待核验,International / English,Scopus 土壤学分类中的交叉期刊,,仅完成分类收录，投稿入口待逐刊核验,2026-08-15,,Active,1979-2026; 1976-1977,35824,Scopus 收录,投稿链接尚未收录，请通过期刊主办单位或出版机构官网查询。,http://sciencechina.cn/select | https://www.elsevier.com/products/scopus/content,2026-08-15
"Agriculture, Ecosystems & Environment",国际综合与跨学科期刊,综合交叉,Elsevier,国际/英文,农田土壤碳氮、温室气体、生态系统服务与管理,https://www.sciencedirect.com/journal/agriculture-ecosystems-and-environment/publish/guide-for-authors,official entry recorded,2026-08-15,,Active,1983-2026,15110,Scopus 收录,,http://sciencechina.cn/select | https://www.elsevier.com/products/scopus/content,2026-08-15
Agrochimica,国际土壤学专业期刊,直接土壤,Pisa University Press,International / English,Soil Science category,https://www.pisauniversitypress.it/landing-page/le-riviste/agrochimica-1497.html,已定位官方投稿入口,2026-08-15,,Inactive,1993-2023; 1986-1989; 1983-1984; 1981; 1973,15588,历史收录,Scopus 2026年7月来源表状态为 Inactive，登记覆盖范围为 1993-2023; 1986-1989; 1983-1984; 1981; 1973。,http://sciencechina.cn/select | https://www.elsevier.com/products/scopus/content,2026-08-15
"Agrosystems, Geosciences and Environment",国际土壤学交叉期刊,土壤及邻近,待核验,International / English,Scopus 土壤学分类中的交叉期刊,,仅完成分类收录，投稿入口待逐刊核验,2026-08-15,,Active,2018-2026,21101063715,Scopus 收录,投稿链接尚未收录，请通过期刊主办单位或出版机构官网查询。,http://sciencechina.cn/select | https://www.elsevier.com/products/scopus/content,2026-08-15
Annals of Agricultural Sciences,国际土壤学交叉期刊,土壤及邻近,待核验,International / English,Scopus 土壤学分类中的交叉期刊,,仅完成分类收录，投稿入口待逐刊核验,2026-08-15,,Active,2011-2026,21100823384,Scopus 收录,投稿链接尚未收录，请通过期刊主办单位或出版机构官网查询。,http://sciencechina.cn/select | https://www.elsevier.com/products/scopus/content,2026-08-15
Applied and Environmental Soil Science,国际土壤学专业期刊,直接土壤,Wiley,International / English,直接土壤学/土壤过程,https://onlinelibrary.wiley.com/page/journal/16877675/homepage/forauthors.html,已定位官方投稿入口,2026-08-15,,Active,2012-2026,21100228104,Scopus 收录,,http://sciencechina.cn/select | https://www.elsevier.com/products/scopus/content,2026-08-15
Applied Clay Science,国际土壤学专业期刊,直接土壤,待核验,International / English,直接土壤学/土壤过程,,仅完成分类收录，投稿入口待逐刊核验,2026-08-15,,Active,1985-2026,24614,Scopus 收录,投稿链接尚未收录，请通过期刊主办单位或出版机构官网查询。,http://sciencechina.cn/select | https://www.elsevier.com/products/scopus/content,2026-08-15
Applied Soil Ecology,国际土壤学专业期刊,直接土壤,Elsevier,International / English,直接土壤学/土壤过程,https://www.sciencedirect.com/journal/applied-soil-ecology/publish/guide-for-authors,已定位官方投稿入口,2026-08-15,,Active,1994-2026,96119,Scopus 收录,,http://sciencechina.cn/select | https://www.elsevier.com/products/scopus/content,2026-08-15
Archives of Agronomy and Soil Science,国际土壤学专业期刊,直接土壤,Taylor & Francis,International / English,直接土壤学/土壤过程,https://www.tandfonline.com/action/authorSubmission?show=instructions&journalCode=gags20,已定位官方投稿入口,2026-08-15,,Active,1994-2026; 1962-1970,200147102,Scopus 收录,,http://sciencechina.cn/select | https://www.elsevier.com/products/scopus/content,2026-08-15
Arid Land Research and Management,国际土壤学交叉期刊,土壤及邻近,Taylor & Francis,International / English,Scopus 土壤学分类中的交叉期刊,https://www.tandfonline.com/action/authorSubmission?show=instructions&journalCode=uasr20,已定位官方投稿入口,2026-08-15,,Active,2001-2026,93599,Scopus 收录,,http://sciencechina.cn/select | https://www.elsevier.com/products/scopus/content,2026-08-15
Biochar,国际土壤学交叉期刊,土壤及邻近,Springer Nature,International / English,Scopus 土壤学分类中的交叉期刊,https://link.springer.com/journal/42773/submission-guidelines,已定位官方投稿入口,2026-08-15,C,Active,2019-2026,21101049099,CSCD 核心,,http://sciencechina.cn/select | https://www.elsevier.com/products/scopus/content,2026-08-15
Biogeochemistry,国际综合与跨学科期刊,综合交叉,Springer Nature,国际/英文,土壤碳氮磷硫循环与生态系统过程,https://link.springer.com/journal/10533/submission-guidelines,official entry recorded,2026-08-15,,Active,1984-2026,16894,Scopus 收录,,http://sciencechina.cn/select | https://www.elsevier.com/products/scopus/content,2026-08-15
Biogeosciences,国际综合与跨学科期刊,综合交叉,Copernicus Publications,国际/英文,土壤碳、温室气体、关键带与地球系统过程,https://www.biogeosciences.net/submission.html,official entry recorded,2026-08-15,,Active,2004-2026,130037,Scopus 收录,,http://sciencechina.cn/select | https://www.elsevier.com/products/scopus/content,2026-08-15
Biology and Fertility of Soils,国际土壤学专业期刊,直接土壤,Springer Nature,International / English,直接土壤学/土壤过程,https://link.springer.com/journal/374/submission-guidelines,已定位官方投稿入口,2026-08-15,,Active,1985-2026,40981,Scopus 收录,,http://sciencechina.cn/select | https://www.elsevier.com/products/scopus/content,2026-08-15
Bioresource Technology,国际综合与跨学科期刊,综合交叉,Elsevier,国际/英文,堆肥、生物炭、废弃物资源化与土壤利用,https://www.sciencedirect.com/journal/bioresource-technology/publish/guide-for-authors,official entry recorded,2026-08-15,,Active,1991-2026,15423,Scopus 收录,,http://sciencechina.cn/select | https://www.elsevier.com/products/scopus/content,2026-08-15
Biosystems Engineering,国际土壤学交叉期刊,土壤及邻近,待核验,International / English,Scopus 土壤学分类中的交叉期刊,,仅完成分类收录，投稿入口待逐刊核验,2026-08-15,,Active,2002-2026,61490,Scopus 收录,投稿链接尚未收录，请通过期刊主办单位或出版机构官网查询。,http://sciencechina.cn/select | https://www.elsevier.com/products/scopus/content,2026-08-15
Canadian Journal of Soil Science,国际土壤学专业期刊,直接土壤,Canadian Science Publishing,International / English,直接土壤学/土壤过程,https://cdnsciencepub.com/journal/cjss,已定位官方投稿入口,2026-08-15,,Active,1974-2026,37316,Scopus 收录,,http://sciencechina.cn/select | https://www.elsevier.com/products/scopus/content,2026-08-15
Catena,国际土壤学专业期刊,直接土壤,Elsevier,International / English,Soil Science category,https://www.sciencedirect.com/journal/catena/publish/guide-for-authors,已定位官方投稿入口,2026-08-15,,Active,1975-2026; 1973,25155,Scopus 收录,,http://sciencechina.cn/select | https://www.elsevier.com/products/scopus/content,2026-08-15
Chinese Journal of Eco-Agriculture,国际土壤学交叉期刊,土壤及邻近,待核验,International / English,Scopus 土壤学分类中的交叉期刊,,仅完成分类收录，投稿入口待逐刊核验,2026-08-15,,Active,2018-2026,21100900506,Scopus 收录,投稿链接尚未收录，请通过期刊主办单位或出版机构官网查询。,http://sciencechina.cn/select | https://www.elsevier.com/products/scopus/content,2026-08-15
Clays and Clay Minerals,国际土壤学专业期刊,直接土壤,Cambridge University Press,International / English,直接土壤学/土壤过程,https://www.cambridge.org/core/journals/clays-and-clay-minerals/information/author-instructions,已定位官方投稿入口,2026-08-15,,Active,1968-2026,19594,Scopus 收录,,http://sciencechina.cn/select | https://www.elsevier.com/products/scopus/content,2026-08-15
Communications Earth & Environment,国际综合与跨学科期刊,综合交叉,Nature Portfolio,国际/英文,土壤形成、土地退化、碳循环、地球表层过程,https://www.nature.com/commsenv/for-authors,official entry recorded,2026-08-15,,Active,2020-2026,21101065239,Scopus 收录,,http://sciencechina.cn/select | https://www.elsevier.com/products/scopus/content,2026-08-15
Communications in Soil Science and Plant Analysis,国际土壤学专业期刊,直接土壤,Taylor & Francis,International / English,直接土壤学/土壤过程,https://www.tandfonline.com/action/authorSubmission?show=instructions&journalCode=lcss20,已定位官方投稿入口,2026-08-15,,Active,1970-2026,31671,Scopus 收录,,http://sciencechina.cn/select | https://www.elsevier.com/products/scopus/content,2026-08-15
Compost Science & Utilization,国际土壤学专业期刊,直接土壤,Taylor & Francis,International / English,Soil Science category,https://www.tandfonline.com/action/authorSubmission?show=instructions&journalCode=ucsx20,已定位官方投稿入口,2026-08-15,,Active,1993-2026,32999,Scopus 收录,,http://sciencechina.cn/select | https://www.elsevier.com/products/scopus/content,2026-08-15
Computers and Electronics in Agriculture,国际综合与跨学科期刊,综合交叉,Elsevier,国际/英文,土壤传感器、近地遥感、精准农业和预测模型,https://www.sciencedirect.com/journal/computers-and-electronics-in-agriculture/publish/guide-for-authors,official entry recorded,2026-08-15,,Active,1985-2026,30441,Scopus 收录,,http://sciencechina.cn/select | https://www.elsevier.com/products/scopus/content,2026-08-15
Earth System Science Data,国际综合与跨学科期刊,综合交叉,Copernicus Publications,国际/英文,全球/区域土壤数据库、基准数据集和数据产品,https://www.earth-system-science-data.net/submission.html,official entry recorded,2026-08-15,,Active,2009-2026,21100284918,Scopus 收录,,http://sciencechina.cn/select | https://www.elsevier.com/products/scopus/content,2026-08-15
Earth's Future,国际综合与跨学科期刊,综合交叉,AGU / Wiley,国际/英文,土壤与气候风险、土地系统、情景和可持续治理,https://www.agu.org/Publish-with-AGU/Publish/Author-Resources,official entry recorded,2026-08-15,,Active,2014-2026,21100403190,Scopus 收录,,http://sciencechina.cn/select | https://www.elsevier.com/products/scopus/content,2026-08-15
Ecological Applications,国际综合与跨学科期刊,综合交叉,Ecological Society of America / Wiley,国际/英文,土壤管理、生态恢复、土地利用与生态系统服务,https://esajournals.onlinelibrary.wiley.com/hub/journal/19395582/resources/author-guidelines,official entry recorded,2026-08-15,,Active,1991-2026,20287,Scopus 收录,,http://sciencechina.cn/select | https://www.elsevier.com/products/scopus/content,2026-08-15
Ecological Indicators,国际综合与跨学科期刊,综合交叉,Elsevier,国际/英文,土壤质量、土壤健康和生态评价指标,https://www.sciencedirect.com/journal/ecological-indicators/publish/guide-for-authors,official entry recorded,2026-08-15,,Active,2001-2026,20292,Scopus 收录,,http://sciencechina.cn/select | https://www.elsevier.com/products/scopus/content,2026-08-15
Ecological Informatics,国际综合与跨学科期刊,综合交叉,Elsevier,国际/英文,数字土壤制图、机器学习、土壤生态数据分析,https://www.sciencedirect.com/journal/ecological-informatics/publish/guide-for-authors,official entry recorded,2026-08-15,,Active,2006-2026,3100147401,Scopus 收录,,http://sciencechina.cn/select | https://www.elsevier.com/products/scopus/content,2026-08-15
Ecosystems,国际综合与跨学科期刊,综合交叉,Springer Nature,国际/英文,土壤—植物—微生物耦合、生态系统物质循环,https://link.springer.com/journal/10021/submission-guidelines,official entry recorded,2026-08-15,,Active,1998-2026,20343,Scopus 收录,,http://sciencechina.cn/select | https://www.elsevier.com/products/scopus/content,2026-08-15
Ecotoxicology and Environmental Safety,国际综合与跨学科期刊,综合交叉,Elsevier,国际/英文,土壤污染物生态毒性和风险机制,https://www.sciencedirect.com/journal/ecotoxicology-and-environmental-safety/publish/guide-for-authors,official entry recorded,2026-08-15,,Active,1977-2026,25076,Scopus 收录,,http://sciencechina.cn/select | https://www.elsevier.com/products/scopus/content,2026-08-15
Egyptian Journal Of Soil Science,国际土壤学专业期刊,直接土壤,Egyptian Knowledge Bank,International / English,Soil Science category,https://ejss.journals.ekb.eg/journal/authors.note,已定位官方投稿入口,2026-08-15,,Active,2013-2026,21101149360,Scopus 收录,,http://sciencechina.cn/select | https://www.elsevier.com/products/scopus/content,2026-08-15
Environment International,国际综合与跨学科期刊,综合交叉,Elsevier,国际/英文,土壤污染暴露、健康风险和全球环境问题,https://www.sciencedirect.com/journal/environment-international/publish/guide-for-authors,official entry recorded,2026-08-15,,Active,1976-2026,20912,Scopus 收录,,http://sciencechina.cn/select | https://www.elsevier.com/products/scopus/content,2026-08-15
Environmental Chemistry Letters,国际综合与跨学科期刊,综合交叉,Springer Nature,国际/英文,土壤污染化学、修复材料和前沿综述,https://link.springer.com/journal/10311/submission-guidelines,official entry recorded,2026-08-15,,Active,2003-2026,144946,Scopus 收录,,http://sciencechina.cn/select | https://www.elsevier.com/products/scopus/content,2026-08-15
Environmental Earth Sciences,国际土壤学交叉期刊,土壤及邻近,待核验,International / English,Scopus 土壤学分类中的交叉期刊,,仅完成分类收录，投稿入口待逐刊核验,2026-08-15,,Active,2009-2026,19400158519,Scopus 收录,投稿链接尚未收录，请通过期刊主办单位或出版机构官网查询。,http://sciencechina.cn/select | https://www.elsevier.com/products/scopus/content,2026-08-15
Environmental Geochemistry and Health,国际综合与跨学科期刊,综合交叉,Springer Nature,国际/英文,土壤元素地球化学、暴露与健康风险,https://link.springer.com/journal/10653/submission-guidelines,official entry recorded,2026-08-15,,Active,1983-2026,20992,Scopus 收录,,http://sciencechina.cn/select | https://www.elsevier.com/products/scopus/content,2026-08-15
Environmental Microbiology,国际综合与跨学科期刊,综合交叉,Wiley,国际/英文,土壤微生物生态、功能和环境过程,https://onlinelibrary.wiley.com/page/journal/14622920/homepage/forauthors.html,official entry recorded,2026-08-15,,Active,1999-2026; 1992,19683,Scopus 收录,,http://sciencechina.cn/select | https://www.elsevier.com/products/scopus/content,2026-08-15
Environmental Pollution,国际综合与跨学科期刊,综合交叉,Elsevier,国际/英文,土壤污染效应、生态风险和修复,https://www.sciencedirect.com/journal/environmental-pollution/publish/guide-for-authors,official entry recorded,2026-08-15,,Active,1987-2026; 1980; 1973,23916,Scopus 收录,,http://sciencechina.cn/select | https://www.elsevier.com/products/scopus/content,2026-08-15
Environmental Research,国际综合与跨学科期刊,综合交叉,Elsevier,国际/英文,土壤污染、暴露、生态与健康交叉,https://www.sciencedirect.com/journal/environmental-research/publish/guide-for-authors,official entry recorded,2026-08-15,,Active,1997-2026; 1967-1995,21524,Scopus 收录,,http://sciencechina.cn/select | https://www.elsevier.com/products/scopus/content,2026-08-15
Environmental Research Letters,国际综合与跨学科期刊,综合交叉,IOP Publishing,国际/英文,土壤碳、土地利用、全球变化与政策相关研究,https://publishingsupport.iopscience.iop.org/journals/environmental-research-letters/about-environmental-research-letters/,official entry recorded,2026-08-15,,Active,2006-2026,5200152632,Scopus 收录,,http://sciencechina.cn/select | https://www.elsevier.com/products/scopus/content,2026-08-15
Environmental Science & Ecotechnology,国际综合与跨学科期刊,综合交叉,Elsevier / Chinese Society for Environmental Sciences,国际/英文,土壤污染、修复、环境健康与新技术,https://www.sciencedirect.com/journal/environmental-science-and-ecotechnology/publish/guide-for-authors,official entry recorded,2026-08-15,C,Active,2020-2026,21101042161,CSCD 核心,,http://sciencechina.cn/select | https://www.elsevier.com/products/scopus/content,2026-08-15
Environmental Science & Technology,国际综合与跨学科期刊,综合交叉,American Chemical Society,国际/英文,土壤污染化学、界面过程、修复机制和环境风险,https://publish.acs.org/publish/author_guidelines?coden=esthag,official entry recorded,2026-08-15,,Active,1967-2026,21537,Scopus 收录,,http://sciencechina.cn/select | https://www.elsevier.com/products/scopus/content,2026-08-15
Environmental Science & Technology Letters,国际综合与跨学科期刊,综合交叉,American Chemical Society,国际/英文,重要而简洁的土壤污染与环境化学发现,https://publish.acs.org/publish/author_guidelines?coden=estlcu,official entry recorded,2026-08-15,,Active,2013-2026,21100403504,Scopus 收录,,http://sciencechina.cn/select | https://www.elsevier.com/products/scopus/content,2026-08-15
Environmental Technology and Innovation,国际土壤学交叉期刊,土壤及邻近,待核验,International / English,Scopus 土壤学分类中的交叉期刊,,仅完成分类收录，投稿入口待逐刊核验,2026-08-15,,Active,2014-2026,21100385961,Scopus 收录,投稿链接尚未收录，请通过期刊主办单位或出版机构官网查询。,http://sciencechina.cn/select | https://www.elsevier.com/products/scopus/content,2026-08-15
ES Food and Agroforestry,国际土壤学交叉期刊,土壤及邻近,待核验,International / English,Scopus 土壤学分类中的交叉期刊,,仅完成分类收录，投稿入口待逐刊核验,2026-08-15,,Active,2020-2026,21101142757,Scopus 收录,投稿链接尚未收录，请通过期刊主办单位或出版机构官网查询。,http://sciencechina.cn/select | https://www.elsevier.com/products/scopus/content,2026-08-15
Eurasian Soil Science,国际土壤学专业期刊,直接土壤,Springer Nature,International / English,直接土壤学/土壤过程,https://link.springer.com/journal/11475/submission-guidelines,已定位官方投稿入口,2026-08-15,,Active,1992-2026,38533,Scopus 收录,,http://sciencechina.cn/select | https://www.elsevier.com/products/scopus/content,2026-08-15
European Journal of Agronomy,国际土壤学交叉期刊,土壤及邻近,待核验,International / English,Scopus 土壤学分类中的交叉期刊,,仅完成分类收录，投稿入口待逐刊核验,2026-08-15,,Active,1993-2026,59988,Scopus 收录,投稿链接尚未收录，请通过期刊主办单位或出版机构官网查询。,http://sciencechina.cn/select | https://www.elsevier.com/products/scopus/content,2026-08-15
European Journal of Soil Biology,国际土壤学专业期刊,直接土壤,Elsevier,International / English,直接土壤学/土壤过程,https://www.sciencedirect.com/journal/european-journal-of-soil-biology/publish/guide-for-authors,已定位官方投稿入口,2026-08-15,,Active,1993-2026,14648,Scopus 收录,,http://sciencechina.cn/select | https://www.elsevier.com/products/scopus/content,2026-08-15
European Journal of Soil Science,国际土壤学专业期刊,直接土壤,Wiley,International / English,直接土壤学/土壤过程,https://onlinelibrary.wiley.com/page/journal/13652389/homepage/forauthors.html,已定位官方投稿入口,2026-08-15,,Active,1994-2026,36209,Scopus 收录,,http://sciencechina.cn/select | https://www.elsevier.com/products/scopus/content,2026-08-15
Farming System,国际土壤学交叉期刊,土壤及邻近,待核验,International / English,Scopus 土壤学分类中的交叉期刊,,仅完成分类收录，投稿入口待逐刊核验,2026-08-15,,Active,2023-2026,21101199904,Scopus 收录,投稿链接尚未收录，请通过期刊主办单位或出版机构官网查询。,http://sciencechina.cn/select | https://www.elsevier.com/products/scopus/content,2026-08-15
Field Crops Research,国际土壤学交叉期刊,土壤及邻近,待核验,International / English,Scopus 土壤学分类中的交叉期刊,,仅完成分类收录，投稿入口待逐刊核验,2026-08-15,,Active,1978-2026,78796,Scopus 收录,投稿链接尚未收录，请通过期刊主办单位或出版机构官网查询。,http://sciencechina.cn/select | https://www.elsevier.com/products/scopus/content,2026-08-15
Forest Ecology and Management,国际综合与跨学科期刊,综合交叉,Elsevier,国际/英文,森林土壤、凋落物、经营和恢复,https://www.sciencedirect.com/journal/forest-ecology-and-management/publish/guide-for-authors,official entry recorded,2026-08-15,,Active,1982-2026; 1979-1980; 1976,25720,Scopus 收录,,http://sciencechina.cn/select | https://www.elsevier.com/products/scopus/content,2026-08-15
Frontiers in Agronomy,国际土壤学交叉期刊,土壤及邻近,待核验,International / English,Scopus 土壤学分类中的交叉期刊,,仅完成分类收录，投稿入口待逐刊核验,2026-08-15,,Active,2019-2026,21101077279,Scopus 收录,投稿链接尚未收录，请通过期刊主办单位或出版机构官网查询。,http://sciencechina.cn/select | https://www.elsevier.com/products/scopus/content,2026-08-15
Frontiers in Soil Science,国际土壤学专业期刊,直接土壤,Frontiers,International / English,直接土壤学/土壤过程,https://www.frontiersin.org/journals/soil-science/for-authors/author-guidelines,已定位官方投稿入口,2026-08-15,,Active,2021-2026,21101171878,Scopus 收录,,http://sciencechina.cn/select | https://www.elsevier.com/products/scopus/content,2026-08-15
Functional Ecology,国际综合与跨学科期刊,综合交叉,British Ecological Society / Wiley,国际/英文,根际、土壤生物、植物—土壤反馈和功能性状,https://besjournals.onlinelibrary.wiley.com/hub/journal/13652435/author-guidelines,official entry recorded,2026-08-15,,Active,1987-2026,18002,Scopus 收录,,http://sciencechina.cn/select | https://www.elsevier.com/products/scopus/content,2026-08-15
Geoderma,国际土壤学专业期刊,直接土壤,Elsevier,International / English,直接土壤学/土壤过程,https://www.sciencedirect.com/journal/geoderma/publish/guide-for-authors,已定位官方投稿入口,2026-08-15,,Active,1967-2026,39112,Scopus 收录,,http://sciencechina.cn/select | https://www.elsevier.com/products/scopus/content,2026-08-15
Geoderma Regional,国际土壤学专业期刊,直接土壤,Elsevier,International / English,直接土壤学/土壤过程,https://www.sciencedirect.com/journal/geoderma-regional/publish/guide-for-authors,已定位官方投稿入口,2026-08-15,,Active,2014-2026,21100373623,Scopus 收录,,http://sciencechina.cn/select | https://www.elsevier.com/products/scopus/content,2026-08-15
Geotechnical and Geological Engineering,国际土壤学交叉期刊,土壤及邻近,待核验,International / English,Scopus 土壤学分类中的交叉期刊,,仅完成分类收录，投稿入口待逐刊核验,2026-08-15,,Active,1991-2026,19690,Scopus 收录,投稿链接尚未收录，请通过期刊主办单位或出版机构官网查询。,http://sciencechina.cn/select | https://www.elsevier.com/products/scopus/content,2026-08-15
Global Biogeochemical Cycles,国际综合与跨学科期刊,综合交叉,AGU / Wiley,国际/英文,土壤碳氮磷循环、陆地—大气交换、全球模型,https://www.agu.org/Publish-with-AGU/Publish/Author-Resources,official entry recorded,2026-08-15,,Active,1987-2026,21848,Scopus 收录,,http://sciencechina.cn/select | https://www.elsevier.com/products/scopus/content,2026-08-15
Global Change Biology,国际综合与跨学科期刊,综合交叉,Wiley,国际/英文,土壤碳氮、温室气体、全球变化实验与综合分析,https://onlinelibrary.wiley.com/page/journal/13652486/homepage/forauthors.html,official entry recorded,2026-08-15,,Active,1995-2026; 1973; 1959,15131,Scopus 收录,,http://sciencechina.cn/select | https://www.elsevier.com/products/scopus/content,2026-08-15
Global Ecology and Biogeography,国际综合与跨学科期刊,综合交叉,Wiley,国际/英文,全球土壤生物多样性、空间格局和综合分析,https://onlinelibrary.wiley.com/page/journal/14668238/homepage/forauthors.html,official entry recorded,2026-08-15,,Active,1998-2026,22044,Scopus 收录,,http://sciencechina.cn/select | https://www.elsevier.com/products/scopus/content,2026-08-15
Hydrology and Earth System Sciences,国际综合与跨学科期刊,综合交叉,Copernicus Publications,国际/英文,土壤水文、陆面过程、模型和尺度扩展,https://www.hydrology-and-earth-system-sciences.net/submission.html,official entry recorded,2026-08-15,,Active,1997-2026,29472,Scopus 收录,,http://sciencechina.cn/select | https://www.elsevier.com/products/scopus/content,2026-08-15
IEEE Transactions on Geoscience and Remote Sensing,国际综合与跨学科期刊,综合交叉,IEEE,国际/英文,土壤水分、盐分、粗糙度和遥感算法,https://journals.ieeeauthorcenter.ieee.org/your-role-in-article-production/ieee-editorial-style-manual/,official entry recorded,2026-08-15,,Active,1980-2026,17360,Scopus 收录,,http://sciencechina.cn/select | https://www.elsevier.com/products/scopus/content,2026-08-15
International Agrophysics,国际土壤学交叉期刊,土壤及邻近,待核验,International / English,Scopus 土壤学分类中的交叉期刊,,仅完成分类收录，投稿入口待逐刊核验,2026-08-15,,Active,1992-2026; 1989,31877,Scopus 收录,投稿链接尚未收录，请通过期刊主办单位或出版机构官网查询。,http://sciencechina.cn/select | https://www.elsevier.com/products/scopus/content,2026-08-15
International Journal of Applied Earth Observation and Geoinformation,国际综合与跨学科期刊,综合交叉,Elsevier,国际/英文,土壤属性制图、土壤水分和农业地球观测,https://www.sciencedirect.com/journal/international-journal-of-applied-earth-observation-and-geoinformation/publish/guide-for-authors,official entry recorded,2026-08-15,,Active,1998-2026,39563,Scopus 收录,,http://sciencechina.cn/select | https://www.elsevier.com/products/scopus/content,2026-08-15
International Journal of Environmental Analytical Chemistry,国际土壤学交叉期刊,土壤及邻近,待核验,International / English,Scopus 土壤学分类中的交叉期刊,,仅完成分类收录，投稿入口待逐刊核验,2026-08-15,,Active,1971-2026,24012,Scopus 收录,投稿链接尚未收录，请通过期刊主办单位或出版机构官网查询。,http://sciencechina.cn/select | https://www.elsevier.com/products/scopus/content,2026-08-15
International Journal of Geomechanics,国际土壤学交叉期刊,土壤及邻近,待核验,International / English,Scopus 土壤学分类中的交叉期刊,,仅完成分类收录，投稿入口待逐刊核验,2026-08-15,,Active,2001-2026,27546,Scopus 收录,投稿链接尚未收录，请通过期刊主办单位或出版机构官网查询。,http://sciencechina.cn/select | https://www.elsevier.com/products/scopus/content,2026-08-15
International Journal of Geotechnical Engineering,国际土壤学交叉期刊,土壤及邻近,待核验,International / English,Scopus 土壤学分类中的交叉期刊,,仅完成分类收录，投稿入口待逐刊核验,2026-08-15,,Active,2007-2026,21100371227,Scopus 收录,投稿链接尚未收录，请通过期刊主办单位或出版机构官网查询。,http://sciencechina.cn/select | https://www.elsevier.com/products/scopus/content,2026-08-15
International Soil and Water Conservation Research,国际土壤学专业期刊,直接土壤,Elsevier,International / English,直接土壤学/土壤过程,https://www.sciencedirect.com/journal/international-soil-and-water-conservation-research/publish/guide-for-authors,已定位官方投稿入口,2026-08-15,C,Active,2013-2026,21100817619,CSCD 核心,,http://sciencechina.cn/select | https://www.elsevier.com/products/scopus/content,2026-08-15
Irrigation and Drainage,国际土壤学交叉期刊,土壤及邻近,待核验,International / English,Scopus 土壤学分类中的交叉期刊,,仅完成分类收录，投稿入口待逐刊核验,2026-08-15,,Active,2001-2026,130102,Scopus 收录,投稿链接尚未收录，请通过期刊主办单位或出版机构官网查询。,http://sciencechina.cn/select | https://www.elsevier.com/products/scopus/content,2026-08-15
Irrigation Science,国际土壤学交叉期刊,土壤及邻近,待核验,International / English,Scopus 土壤学分类中的交叉期刊,,仅完成分类收录，投稿入口待逐刊核验,2026-08-15,,Active,1978-2026,35683,Scopus 收录,投稿链接尚未收录，请通过期刊主办单位或出版机构官网查询。,http://sciencechina.cn/select | https://www.elsevier.com/products/scopus/content,2026-08-15
ISPRS Journal of Photogrammetry and Remote Sensing,国际综合与跨学科期刊,综合交叉,Elsevier,国际/英文,数字土壤制图、土壤属性反演和高水平方法创新,https://www.sciencedirect.com/journal/isprs-journal-of-photogrammetry-and-remote-sensing/publish/guide-for-authors,official entry recorded,2026-08-15,,Active,1989-2026,29161,Scopus 收录,,http://sciencechina.cn/select | https://www.elsevier.com/products/scopus/content,2026-08-15
Journal of Applied Ecology,国际综合与跨学科期刊,综合交叉,British Ecological Society / Wiley,国际/英文,土壤生态管理、恢复和政策相关研究,https://besjournals.onlinelibrary.wiley.com/hub/journal/13652664/author-guidelines,official entry recorded,2026-08-15,,Active,1973-2026; 1968,29547,Scopus 收录,,http://sciencechina.cn/select | https://www.elsevier.com/products/scopus/content,2026-08-15
Journal of Cleaner Production,国际综合与跨学科期刊,综合交叉,Elsevier,国际/英文,肥料、土壤修复材料、农业循环和生命周期评价,https://www.sciencedirect.com/journal/journal-of-cleaner-production/publish/guide-for-authors,official entry recorded,2026-08-15,,Active,1993-2026,19167,Scopus 收录,,http://sciencechina.cn/select | https://www.elsevier.com/products/scopus/content,2026-08-15
Journal of Contaminant Hydrology,国际综合与跨学科期刊,综合交叉,Elsevier,国际/英文,土壤—地下水污染物迁移和反应过程,https://www.sciencedirect.com/journal/journal-of-contaminant-hydrology/publish/guide-for-authors,official entry recorded,2026-08-15,,Active,1986-2026,23997,Scopus 收录,,http://sciencechina.cn/select | https://www.elsevier.com/products/scopus/content,2026-08-15
Journal of Crop Improvement,国际土壤学交叉期刊,土壤及邻近,待核验,International / English,Scopus 土壤学分类中的交叉期刊,,仅完成分类收录，投稿入口待逐刊核验,2026-08-15,,Active,2004-2026,73453,Scopus 收录,投稿链接尚未收录，请通过期刊主办单位或出版机构官网查询。,http://sciencechina.cn/select | https://www.elsevier.com/products/scopus/content,2026-08-15
Journal of Environmental Chemical Engineering,国际综合与跨学科期刊,综合交叉,Elsevier,国际/英文,土壤修复材料、吸附催化和污染控制,https://www.sciencedirect.com/journal/journal-of-environmental-chemical-engineering/publish/guide-for-authors,official entry recorded,2026-08-15,,Active,2013-2026,21100255493,Scopus 收录,,http://sciencechina.cn/select | https://www.elsevier.com/products/scopus/content,2026-08-15
Journal of Environmental Management,国际综合与跨学科期刊,综合交叉,Elsevier,国际/英文,污染土壤治理、土地管理和环境评价,https://www.sciencedirect.com/journal/journal-of-environmental-management/publish/guide-for-authors,official entry recorded,2026-08-15,,Active,1977-2026; 1975; 1973,23371,Scopus 收录,,http://sciencechina.cn/select | https://www.elsevier.com/products/scopus/content,2026-08-15
Journal of Environmental Quality,国际综合与跨学科期刊,综合交叉,ACSESS / Wiley,国际/英文,土壤—水环境、养分损失、污染和管理,https://acsess.onlinelibrary.wiley.com/hub/journal/15372537/author-guidelines,official entry recorded,2026-08-15,,Active,1972-2026,23375,Scopus 收录,,http://sciencechina.cn/select | https://www.elsevier.com/products/scopus/content,2026-08-15
Journal of Geophysical Research: Biogeosciences,国际土壤学交叉期刊,土壤及邻近,待核验,International / English,Scopus 土壤学分类中的交叉期刊,,仅完成分类收录，投稿入口待逐刊核验,2026-08-15,,Active,2012-2026; 2010,21101038507,Scopus 收录,投稿链接尚未收录，请通过期刊主办单位或出版机构官网查询。,http://sciencechina.cn/select | https://www.elsevier.com/products/scopus/content,2026-08-15
Journal of Hazardous Materials,国际综合与跨学科期刊,综合交叉,Elsevier,国际/英文,重金属、有机污染物、微塑料和土壤修复机制,https://www.sciencedirect.com/journal/journal-of-hazardous-materials/publish/guide-for-authors,official entry recorded,2026-08-15,,Active,1979-2026; 1977; 1975,25858,Scopus 收录,,http://sciencechina.cn/select | https://www.elsevier.com/products/scopus/content,2026-08-15
Journal of Hydrology,国际综合与跨学科期刊,综合交叉,Elsevier,国际/英文,土壤水分、渗流、坡面水文和土壤—地下水过程,https://www.sciencedirect.com/journal/journal-of-hydrology/publish/guide-for-authors,official entry recorded,2026-08-15,,Active,1963-2026; 1949,50089,Scopus 收录,,http://sciencechina.cn/select | https://www.elsevier.com/products/scopus/content,2026-08-15
Journal of Plant Nutrition and Soil Science,国际土壤学专业期刊,直接土壤,Wiley,International / English,直接土壤学/土壤过程,https://onlinelibrary.wiley.com/page/journal/15222624/homepage/forauthors.html,已定位官方投稿入口,2026-08-15,,Active,1996-2026,15656,Scopus 收录,,http://sciencechina.cn/select | https://www.elsevier.com/products/scopus/content,2026-08-15
Journal of Soil and Water Conservation,国际土壤学专业期刊,直接土壤,Soil and Water Conservation Society,International / English,直接土壤学/土壤过程,https://www.jswconline.org/content/instructions-authors,已定位官方投稿入口,2026-08-15,,Active,1973-2026,31617,Scopus 收录,,http://sciencechina.cn/select | https://www.elsevier.com/products/scopus/content,2026-08-15
Journal of Soil Science and Plant Nutrition,国际土壤学专业期刊,直接土壤,Springer Nature,International / English,直接土壤学/土壤过程,https://link.springer.com/journal/42729/submission-guidelines,已定位官方投稿入口,2026-08-15,,Active,2010-2026,21100200421,Scopus 收录,,http://sciencechina.cn/select | https://www.elsevier.com/products/scopus/content,2026-08-15
Journal Of Soils And Sediments,国际土壤学专业期刊,直接土壤,Springer Nature,International / English,Soil Science category,https://link.springer.com/journal/11368/submission-guidelines,已定位官方投稿入口,2026-08-15,,Active,2001-2026,99584,Scopus 收录,,http://sciencechina.cn/select | https://www.elsevier.com/products/scopus/content,2026-08-15
Land Degradation and Development,国际土壤学专业期刊,直接土壤,Wiley,International / English,直接土壤学/土壤过程,https://onlinelibrary.wiley.com/page/journal/1099145x/homepage/forauthors.html,已定位官方投稿入口,2026-08-15,,Active,1992-2026; 1989-1990,23239,Scopus 收录,,http://sciencechina.cn/select | https://www.elsevier.com/products/scopus/content,2026-08-15
Land Use Policy,国际综合与跨学科期刊,综合交叉,Elsevier,国际/英文,耕地保护、土地退化、土壤治理和政策评估,https://www.sciencedirect.com/journal/land-use-policy/publish/guide-for-authors,official entry recorded,2026-08-15,,Active,1984-2026,14500,Scopus 收录,,http://sciencechina.cn/select | https://www.elsevier.com/products/scopus/content,2026-08-15
Landscape Ecology,国际综合与跨学科期刊,综合交叉,Springer Nature,国际/英文,土地利用变化、土壤空间异质性和景观过程,https://link.springer.com/journal/10980/submission-guidelines,official entry recorded,2026-08-15,,Active,1987-2026,23972,Scopus 收录,,http://sciencechina.cn/select | https://www.elsevier.com/products/scopus/content,2026-08-15
Microbes and Environments,国际土壤学交叉期刊,土壤及邻近,待核验,International / English,Scopus 土壤学分类中的交叉期刊,,仅完成分类收录，投稿入口待逐刊核验,2026-08-15,,Active,1996-2026,19400157007,Scopus 收录,投稿链接尚未收录，请通过期刊主办单位或出版机构官网查询。,http://sciencechina.cn/select | https://www.elsevier.com/products/scopus/content,2026-08-15
Microbial Ecology,国际土壤学交叉期刊,土壤及邻近,待核验,International / English,Scopus 土壤学分类中的交叉期刊,,仅完成分类收录，投稿入口待逐刊核验,2026-08-15,,Active,1979-2026; 1974-1977,20266,Scopus 收录,投稿链接尚未收录，请通过期刊主办单位或出版机构官网查询。,http://sciencechina.cn/select | https://www.elsevier.com/products/scopus/content,2026-08-15
Microbiome,国际综合与跨学科期刊,综合交叉,BMC / Springer Nature,国际/英文,土壤微生物组、多组学与宿主/环境互作,https://microbiomejournal.biomedcentral.com/submission-guidelines,official entry recorded,2026-08-15,,Active,2013-2026,21100401152,Scopus 收录,,http://sciencechina.cn/select | https://www.elsevier.com/products/scopus/content,2026-08-15
Mires and Peat,国际土壤学专业期刊,直接土壤,待核验,International / English,直接土壤学/土壤过程,,仅完成分类收录，投稿入口待逐刊核验,2026-08-15,,Active,2015-2025,21100400829,Scopus 收录,投稿链接尚未收录，请通过期刊主办单位或出版机构官网查询。,http://sciencechina.cn/select | https://www.elsevier.com/products/scopus/content,2026-08-15
Molecular Plant Pathology,国际土壤学交叉期刊,土壤及邻近,待核验,International / English,Scopus 土壤学分类中的交叉期刊,,仅完成分类收录，投稿入口待逐刊核验,2026-08-15,,Active,2000-2026,19790,Scopus 收录,投稿链接尚未收录，请通过期刊主办单位或出版机构官网查询。,http://sciencechina.cn/select | https://www.elsevier.com/products/scopus/content,2026-08-15
mSystems,国际综合与跨学科期刊,综合交叉,American Society for Microbiology,国际/英文,土壤微生物系统、生物信息学和机制研究,https://journals.asm.org/journal/msystems/author-instructions,official entry recorded,2026-08-15,,Active,2016-2026,21100850723,Scopus 收录,,http://sciencechina.cn/select | https://www.elsevier.com/products/scopus/content,2026-08-15
Nature,国际综合与跨学科期刊,综合交叉,Nature Portfolio,国际/英文,具有全球或学科范式影响的土壤过程、土壤碳与气候、重大方法突破,https://www.nature.com/nature/for-authors,official entry recorded,2026-08-15,,Active,1869-2026,21206,Scopus 收录,,http://sciencechina.cn/select | https://www.elsevier.com/products/scopus/content,2026-08-15
Nature Communications,国际综合与跨学科期刊,综合交叉,Nature Portfolio,国际/英文,机制完整、影响较广的土壤生态、碳氮循环、污染和方法研究,https://www.nature.com/ncomms/submit/how-to-submit,official entry recorded,2026-08-15,,Active,2010-2026,19700182758,Scopus 收录,,http://sciencechina.cn/select | https://www.elsevier.com/products/scopus/content,2026-08-15
Nature Food,国际综合与跨学科期刊,综合交叉,Nature Portfolio,国际/英文,土壤健康、养分管理、农业系统与粮食安全,https://www.nature.com/natfood/for-authors,official entry recorded,2026-08-15,,Active,2020-2026,21101041558,Scopus 收录,,http://sciencechina.cn/select | https://www.elsevier.com/products/scopus/content,2026-08-15
Nature Geoscience,国际综合与跨学科期刊,综合交叉,Nature Portfolio,国际/英文,关键带、风化、土壤碳、地球表层过程,https://www.nature.com/ngeo/for-authors,official entry recorded,2026-08-15,,Active,2008-2026,17600155041,Scopus 收录,,http://sciencechina.cn/select | https://www.elsevier.com/products/scopus/content,2026-08-15
Nature Microbiology,国际综合与跨学科期刊,综合交叉,Nature Portfolio,国际/英文,具有广泛影响的土壤微生物机制研究,https://www.nature.com/nmicrobiol/for-authors,official entry recorded,2026-08-15,,Active,2016-2026,21100773752,Scopus 收录,,http://sciencechina.cn/select | https://www.elsevier.com/products/scopus/content,2026-08-15
Nature Sustainability,国际综合与跨学科期刊,综合交叉,Nature Portfolio,国际/英文,土壤健康、农业可持续性、土地退化和政策影响,https://www.nature.com/natsustain/for-authors,official entry recorded,2026-08-15,,Active,2018-2026,21100873499,Scopus 收录,,http://sciencechina.cn/select | https://www.elsevier.com/products/scopus/content,2026-08-15
Nutrient Cycling in Agroecosystems,国际土壤学交叉期刊,土壤及邻近,Springer Nature,International / English,Scopus 土壤学分类中的交叉期刊,https://link.springer.com/journal/10705/submission-guidelines,已定位官方投稿入口,2026-08-15,,Active,1996-2026,56795,Scopus 收录,,http://sciencechina.cn/select | https://www.elsevier.com/products/scopus/content,2026-08-15
One Earth,国际综合与跨学科期刊,综合交叉,Cell Press,国际/英文,土壤退化、土地管理、气候和可持续发展,https://www.cell.com/one-earth/authors,official entry recorded,2026-08-15,,Active,2019-2026,21101027517,Scopus 收录,,http://sciencechina.cn/select | https://www.elsevier.com/products/scopus/content,2026-08-15
Pedobiologia,国际土壤学交叉期刊,土壤及邻近,Elsevier,International / English,Scopus 土壤学分类中的交叉期刊,https://www.sciencedirect.com/journal/pedobiologia/publish/guide-for-authors,已定位官方投稿入口,2026-08-15,,Active,1979-2026; 1977,36093,Scopus 收录,,http://sciencechina.cn/select | https://www.elsevier.com/products/scopus/content,2026-08-15
Pedosphere,国际土壤学专业期刊,直接土壤,Elsevier / ISSAS,International / English,直接土壤学/土壤过程,https://www.sciencedirect.com/journal/pedosphere/publish/guide-for-authors,已定位官方投稿入口,2026-08-15,C,Active,1996-2026,23312,CSCD 核心,,http://sciencechina.cn/select | https://www.elsevier.com/products/scopus/content,2026-08-15
Plant and Soil,国际土壤学专业期刊,直接土壤,Springer Nature,International / English,直接土壤学/土壤过程,https://link.springer.com/journal/11104/submission-guidelines,已定位官方投稿入口,2026-08-15,,Active,1948-2026,16574,Scopus 收录,,http://sciencechina.cn/select | https://www.elsevier.com/products/scopus/content,2026-08-15
Plant Protection Science,国际土壤学交叉期刊,土壤及邻近,待核验,International / English,Scopus 土壤学分类中的交叉期刊,,仅完成分类收录，投稿入口待逐刊核验,2026-08-15,,Active,2007-2026,5800179589,Scopus 收录,投稿链接尚未收录，请通过期刊主办单位或出版机构官网查询。,http://sciencechina.cn/select | https://www.elsevier.com/products/scopus/content,2026-08-15
"Plant, Soil and Environment",国际土壤学专业期刊,直接土壤,待核验,International / English,直接土壤学/土壤过程,,仅完成分类收录，投稿入口待逐刊核验,2026-08-15,,Active,2003-2026,68435,Scopus 收录,投稿链接尚未收录，请通过期刊主办单位或出版机构官网查询。,http://sciencechina.cn/select | https://www.elsevier.com/products/scopus/content,2026-08-15
Proceedings of the Institution of Civil Engineers: Ground Improvement,国际土壤学交叉期刊,土壤及邻近,待核验,International / English,Scopus 土壤学分类中的交叉期刊,,仅完成分类收录，投稿入口待逐刊核验,2026-08-15,,Active,2008-2026,11600153414,Scopus 收录,投稿链接尚未收录，请通过期刊主办单位或出版机构官网查询。,http://sciencechina.cn/select | https://www.elsevier.com/products/scopus/content,2026-08-15
Proceedings of the National Academy of Sciences (PNAS),国际综合与跨学科期刊,综合交叉,National Academy of Sciences,国际/英文,基础机制或全球尺度土壤生态与生物地球化学,https://www.pnas.org/author-center/submitting-your-manuscript,official entry recorded,2026-08-15,,Active,1961-2026; 1945-1951,21121,Scopus 收录,,http://sciencechina.cn/select | https://www.elsevier.com/products/scopus/content,2026-08-15
Remote Sensing of Environment,国际土壤学交叉期刊,土壤及邻近,待核验,International / English,Scopus 土壤学分类中的交叉期刊,,仅完成分类收录，投稿入口待逐刊核验,2026-08-15,,Active,1974-2026; 1969-1971,12503,Scopus 收录,投稿链接尚未收录，请通过期刊主办单位或出版机构官网查询。,http://sciencechina.cn/select | https://www.elsevier.com/products/scopus/content,2026-08-15
"Resources, Conservation & Recycling",国际综合与跨学科期刊,综合交叉,Elsevier,国际/英文,有机废弃物土壤利用、养分循环和资源化,https://www.sciencedirect.com/journal/resources-conservation-and-recycling/publish/guide-for-authors,official entry recorded,2026-08-15,,Active,1988-2026,26424,Scopus 收录,,http://sciencechina.cn/select | https://www.elsevier.com/products/scopus/content,2026-08-15
Restoration Ecology,国际综合与跨学科期刊,综合交叉,Society for Ecological Restoration / Wiley,国际/英文,退化土壤恢复、矿山复垦、生态工程,https://onlinelibrary.wiley.com/page/journal/1526100x/homepage/forauthors.html,official entry recorded,2026-08-15,,Active,1993-2026,25259,Scopus 收录,,http://sciencechina.cn/select | https://www.elsevier.com/products/scopus/content,2026-08-15
Revista Brasileira de Ciencia do Solo,国际土壤学交叉期刊,土壤及邻近,Brazilian Soil Science Society,International / English,Scopus 土壤学分类中的交叉期刊,https://www.rbcsjournal.org/instructions-to-authors/,已定位官方投稿入口,2026-08-15,,Active,2004-2026,145505,Scopus 收录,,http://sciencechina.cn/select | https://www.elsevier.com/products/scopus/content,2026-08-15
Rhizosphere,国际土壤学专业期刊,直接土壤,Elsevier,International / English,直接土壤学/土壤过程,https://www.sciencedirect.com/journal/rhizosphere/publish/guide-for-authors,已定位官方投稿入口,2026-08-15,,Active,2016-2026,21100788801,Scopus 收录,,http://sciencechina.cn/select | https://www.elsevier.com/products/scopus/content,2026-08-15
Rice,国际土壤学交叉期刊,土壤及邻近,待核验,International / English,Scopus 土壤学分类中的交叉期刊,,仅完成分类收录，投稿入口待逐刊核验,2026-08-15,,Active,2008-2026,19500157075,Scopus 收录,投稿链接尚未收录，请通过期刊主办单位或出版机构官网查询。,http://sciencechina.cn/select | https://www.elsevier.com/products/scopus/content,2026-08-15
Sains Tanah,国际土壤学专业期刊,直接土壤,Universitas Sebelas Maret,International / English,Soil Science category,https://jurnal.uns.ac.id/tanah/about/submissions,已定位官方投稿入口,2026-08-15,,Active,2019-2025,21101016524,Scopus 收录,,http://sciencechina.cn/select | https://www.elsevier.com/products/scopus/content,2026-08-15
Science,国际综合与跨学科期刊,综合交叉,AAAS,国际/英文,具有广泛科学影响的土壤—气候—生物地球化学研究,https://www.science.org/content/page/instructions-preparing-initial-manuscript,official entry recorded,2026-08-15,,Active,1883-2026; 1880-1881,23571,Scopus 收录,,http://sciencechina.cn/select | https://www.elsevier.com/products/scopus/content,2026-08-15
Science Advances,国际综合与跨学科期刊,综合交叉,AAAS,国际/英文,跨学科土壤过程、全球变化、土壤健康与新技术,https://www.science.org/content/page/science-advances-information-authors,official entry recorded,2026-08-15,,Active,2015-2026,21100457028,Scopus 收录,,http://sciencechina.cn/select | https://www.elsevier.com/products/scopus/content,2026-08-15
Science of The Total Environment,国际综合与跨学科期刊,综合交叉,Elsevier,国际/英文,土壤污染、土壤生态、全球变化和多介质过程,https://www.sciencedirect.com/journal/science-of-the-total-environment/publish/guide-for-authors,official entry recorded,2026-08-15,,Active,1972-2026,25349,Scopus 收录,,http://sciencechina.cn/select | https://www.elsevier.com/products/scopus/content,2026-08-15
Scientific Data,国际综合与跨学科期刊,综合交叉,Nature Portfolio,国际/英文,土壤调查、土壤组学、遥感与长期观测数据集,https://www.nature.com/sdata/submission-guidelines,official entry recorded,2026-08-15,,Active,2014-2026,21100451321,Scopus 收录,,http://sciencechina.cn/select | https://www.elsevier.com/products/scopus/content,2026-08-15
SOIL,国际土壤学专业期刊,直接土壤,Copernicus Publications,International / English,直接土壤学/土壤过程,https://www.soil-journal.net/submission.html,已定位官方投稿入口,2026-08-15,,Active,2015-2026,21100843337,Scopus 收录,,http://sciencechina.cn/select | https://www.elsevier.com/products/scopus/content,2026-08-15
Soil & Environment,国际土壤学专业期刊,直接土壤,University of Agriculture Faisalabad,International / English,Soil Science category,https://www.se.org.pk/,已定位官方投稿入口,2026-08-15,,Active,2010-2026,19700188209,Scopus 收录,,http://sciencechina.cn/select | https://www.elsevier.com/products/scopus/content,2026-08-15
Soil and Environmental Health,国际土壤学专业期刊,直接土壤,待核验,International / English,直接土壤学/土壤过程,,仅完成分类收录，投稿入口待逐刊核验,2026-08-15,,Active,2023-2026,21101196047,Scopus 收录,投稿链接尚未收录，请通过期刊主办单位或出版机构官网查询。,http://sciencechina.cn/select | https://www.elsevier.com/products/scopus/content,2026-08-15
Soil and Sediment Contamination,国际土壤学专业期刊,直接土壤,待核验,International / English,直接土壤学/土壤过程,,仅完成分类收录，投稿入口待逐刊核验,2026-08-15,,Active,1996-2026,24512,Scopus 收录,投稿链接尚未收录，请通过期刊主办单位或出版机构官网查询。,http://sciencechina.cn/select | https://www.elsevier.com/products/scopus/content,2026-08-15
Soil and Tillage Research,国际土壤学专业期刊,直接土壤,Elsevier,International / English,直接土壤学/土壤过程,https://www.sciencedirect.com/journal/soil-and-tillage-research/publish/guide-for-authors,已定位官方投稿入口,2026-08-15,,Active,1982-2027; 1980,38003,Scopus 收录,,http://sciencechina.cn/select | https://www.elsevier.com/products/scopus/content,2026-08-15
Soil and Water Research,国际土壤学专业期刊,直接土壤,Czech Academy of Agricultural Sciences,International / English,直接土壤学/土壤过程,https://swr.agriculturejournals.cz/artkey/inf-990000-0100_Instructions-to-Authors.php,已定位官方投稿入口,2026-08-15,,Active,2006-2026,5300152718,Scopus 收录,,http://sciencechina.cn/select | https://www.elsevier.com/products/scopus/content,2026-08-15
Soil Biology and Biochemistry,国际土壤学专业期刊,直接土壤,Elsevier,International / English,直接土壤学/土壤过程,https://www.sciencedirect.com/journal/soil-biology-and-biochemistry/publish/guide-for-authors,已定位官方投稿入口,2026-08-15,,Active,1969-2026,14802,Scopus 收录,,http://sciencechina.cn/select | https://www.elsevier.com/products/scopus/content,2026-08-15
Soil Dynamics and Earthquake Engineering,国际土壤学专业期刊,直接土壤,待核验,International / English,直接土壤学/土壤过程,,仅完成分类收录，投稿入口待逐刊核验,2026-08-15,,Active,1986-2026,28960,Scopus 收录,投稿链接尚未收录，请通过期刊主办单位或出版机构官网查询。,http://sciencechina.cn/select | https://www.elsevier.com/products/scopus/content,2026-08-15
Soil Ecology Letters,国际土壤学专业期刊,直接土壤,Springer Nature,International / English,直接土壤学/土壤过程,https://link.springer.com/journal/42832/submission-guidelines,已定位官方投稿入口,2026-08-15,C,Active,2019-2026,21101046232,CSCD 核心,,http://sciencechina.cn/select | https://www.elsevier.com/products/scopus/content,2026-08-15
Soil Research,国际土壤学专业期刊,直接土壤,CSIRO Publishing,International / English,直接土壤学/土壤过程,https://www.publish.csiro.au/sr/forauthors/AuthorInstructions,已定位官方投稿入口,2026-08-15,,Active,2011-2026,19700201636,Scopus 收录,,http://sciencechina.cn/select | https://www.elsevier.com/products/scopus/content,2026-08-15
Soil Science and Plant Nutrition,国际土壤学专业期刊,直接土壤,Taylor & Francis,International / English,直接土壤学/土壤过程,https://www.tandfonline.com/action/authorSubmission?show=instructions&journalCode=tssp20,已定位官方投稿入口,2026-08-15,,Active,1955-2026,33461,Scopus 收录,,http://sciencechina.cn/select | https://www.elsevier.com/products/scopus/content,2026-08-15
Soil Science Annual,国际土壤学专业期刊,直接土壤,Polish Society of Soil Science,International / English,直接土壤学/土壤过程,"https://soilscienceannual.com/For-authors,2105.html",已定位官方投稿入口,2026-08-15,,Active,2012-2026,21100782674,Scopus 收录,,http://sciencechina.cn/select | https://www.elsevier.com/products/scopus/content,2026-08-15
Soil Science Society of America Journal,国际土壤学专业期刊,直接土壤,ACSESS / Wiley,International / English,直接土壤学/土壤过程,https://acsess.onlinelibrary.wiley.com/hub/journal/14350661/author-guidelines,已定位官方投稿入口,2026-08-15,,Active,1976-2026,37206,Scopus 收录,,http://sciencechina.cn/select | https://www.elsevier.com/products/scopus/content,2026-08-15
Soil Security,国际土壤学专业期刊,直接土壤,待核验,International / English,直接土壤学/土壤过程,,仅完成分类收录，投稿入口待逐刊核验,2026-08-15,,Active,2020-2026,21101185682,Scopus 收录,投稿链接尚未收录，请通过期刊主办单位或出版机构官网查询。,http://sciencechina.cn/select | https://www.elsevier.com/products/scopus/content,2026-08-15
Soil Systems,国际土壤学专业期刊,直接土壤,MDPI,International / English,直接土壤学/土壤过程,https://www.mdpi.com/journal/soilsystems/instructions,已定位官方投稿入口,2026-08-15,,Active,2017-2026,21101024040,Scopus 收录,,http://sciencechina.cn/select | https://www.elsevier.com/products/scopus/content,2026-08-15
Soil Use and Management,国际土壤学专业期刊,直接土壤,Wiley,International / English,直接土壤学/土壤过程,https://onlinelibrary.wiley.com/page/journal/14752743/homepage/forauthors.html,已定位官方投稿入口,2026-08-15,,Active,1985-2026,36538,Scopus 收录,,http://sciencechina.cn/select | https://www.elsevier.com/products/scopus/content,2026-08-15
Solid Earth,国际土壤学交叉期刊,土壤及邻近,待核验,International / English,Scopus 土壤学分类中的交叉期刊,,仅完成分类收录，投稿入口待逐刊核验,2026-08-15,,Active,2010-2026,19900191969,Scopus 收录,投稿链接尚未收录，请通过期刊主办单位或出版机构官网查询。,http://sciencechina.cn/select | https://www.elsevier.com/products/scopus/content,2026-08-15
Spanish Journal of Soil Science,国际土壤学专业期刊,直接土壤,Frontiers Partnerships,International / English,直接土壤学/土壤过程,https://www.frontierspartnerships.org/journals/spanish-journal-of-soil-science/for-authors/author-guidelines,已定位官方投稿入口,2026-08-15,,Active,2011-2026,21100399434,Scopus 收录,,http://sciencechina.cn/select | https://www.elsevier.com/products/scopus/content,2026-08-15
Subterranean Biology,国际土壤学交叉期刊,土壤及邻近,待核验,International / English,Scopus 土壤学分类中的交叉期刊,,仅完成分类收录，投稿入口待逐刊核验,2026-08-15,,Active,2013-2026; 2011,21100218076,Scopus 收录,投稿链接尚未收录，请通过期刊主办单位或出版机构官网查询。,http://sciencechina.cn/select | https://www.elsevier.com/products/scopus/content,2026-08-15
Sustainable Production and Consumption,国际综合与跨学科期刊,综合交叉,Elsevier,国际/英文,肥料、土壤管理、农业资源循环和生命周期评价,https://www.sciencedirect.com/journal/sustainable-production-and-consumption/publish/guide-for-authors,official entry recorded,2026-08-15,,Active,2015-2026,21100416081,Scopus 收录,,http://sciencechina.cn/select | https://www.elsevier.com/products/scopus/content,2026-08-15
Terra Latinoamericana,国际土壤学专业期刊,直接土壤,Sociedad Mexicana de la Ciencia del Suelo,International / English,Soil Science category,https://www.terralatinoamericana.org.mx/index.php/terra/about/submissions,已定位官方投稿入口,2026-08-15,,Active,2016-2026,21100978911,Scopus 收录,,http://sciencechina.cn/select | https://www.elsevier.com/products/scopus/content,2026-08-15
The ISME Journal,国际综合与跨学科期刊,综合交叉,Oxford University Press / ISME,国际/英文,土壤微生物群落机制、组学和生态理论,https://academic.oup.com/ismej/pages/general-instructions,official entry recorded,2026-08-15,,Active,2007-2026,5800173382,Scopus 收录,,http://sciencechina.cn/select | https://www.elsevier.com/products/scopus/content,2026-08-15
Urban Forestry and Urban Greening,国际土壤学交叉期刊,土壤及邻近,待核验,International / English,Scopus 土壤学分类中的交叉期刊,,仅完成分类收录，投稿入口待逐刊核验,2026-08-15,,Active,2002-2026,145301,Scopus 收录,投稿链接尚未收录，请通过期刊主办单位或出版机构官网查询。,http://sciencechina.cn/select | https://www.elsevier.com/products/scopus/content,2026-08-15
Vadose Zone Journal,国际土壤学专业期刊,直接土壤,ACSESS / Wiley,International / English,直接土壤学/土壤过程,https://acsess.onlinelibrary.wiley.com/hub/journal/15391663/author-guidelines,已定位官方投稿入口,2026-08-15,,Active,2002-2026,7200153151,Scopus 收录,,http://sciencechina.cn/select | https://www.elsevier.com/products/scopus/content,2026-08-15
Waste Management,国际综合与跨学科期刊,综合交叉,Elsevier,国际/英文,污泥、堆肥、土壤施用和环境风险,https://www.sciencedirect.com/journal/waste-management/publish/guide-for-authors,official entry recorded,2026-08-15,,Active,1983-2026,26490,Scopus 收录,,http://sciencechina.cn/select | https://www.elsevier.com/products/scopus/content,2026-08-15
Water Research,国际综合与跨学科期刊,综合交叉,Elsevier,国际/英文,土壤—水界面、污染迁移、废水灌溉和环境微生物,https://www.sciencedirect.com/journal/water-research/publish/guide-for-authors,official entry recorded,2026-08-15,,Active,1967-2026,18795,Scopus 收录,,http://sciencechina.cn/select | https://www.elsevier.com/products/scopus/content,2026-08-15
Water Resources Research,国际综合与跨学科期刊,综合交叉,AGU / Wiley,国际/英文,土壤水分、包气带、溶质运移和水文模型,https://www.agu.org/Publish-with-AGU/Publish/Author-Resources,official entry recorded,2026-08-15,,Active,1965-2026,18854,Scopus 收录,,http://sciencechina.cn/select | https://www.elsevier.com/products/scopus/content,2026-08-15
Yantu Lixue/Rock and Soil Mechanics,国际土壤学专业期刊,直接土壤,待核验,International / English,直接土壤学/土壤过程,,仅完成分类收录，投稿入口待逐刊核验,2026-08-15,,Active,1998-2026,14617,Scopus 收录,投稿链接尚未收录，请通过期刊主办单位或出版机构官网查询。,http://sciencechina.cn/select | https://www.elsevier.com/products/scopus/content,2026-08-15
