journal_name,registry_groups,soil_topic_scope,language_or_region,publisher,official_author_url,source_status,source_accessed_at,notes
北京林业大学学报,General and interdisciplinary discovery,森林土壤、生态修复和水土保持,中文/中英摘要,北京林业大学,http://j.bjfu.edu.cn/,official entry recorded,2026-08-15,Discovery only; verify the current official guide before use. No journal-quality judgment.
草地学报,Chinese soil and adjacent discovery,草地土壤/生态,中文/中英摘要,中国草学会,https://manu40.magtech.com.cn/Jweb_cdxb/,官网投稿须知,2026-08-15,Discovery only; verify the current official guide before use. No journal-quality judgment.
草业科学,Chinese soil and adjacent discovery,草地土壤/资源管理,中文/中英摘要,中国草学会、兰州大学,http://cykx.lzu.edu.cn/,官网投稿须知,2026-08-15,Discovery only; verify the current official guide before use. No journal-quality judgment.
草业学报,Chinese soil and adjacent discovery,草地土壤/草地生态,中文/中英摘要,中国草学会、兰州大学,http://cyxb.magtech.com.cn/,官网投稿须知,2026-08-15,Discovery only; verify the current official guide before use. No journal-quality judgment.
沉积学报,General and interdisciplinary discovery,古土壤、沉积物—土壤界面和环境演化,中文/中英摘要,中国科学院地质与地球物理研究所等,http://www.cjxb.ac.cn/,official entry recorded,2026-08-15,Discovery only; verify the current official guide before use. No journal-quality judgment.
地理科学,General and interdisciplinary discovery,土壤地理、土地利用与生态环境空间过程,中文/中英摘要,中国科学院东北地理与农业生态研究所、中国地理学会,http://geoscien.neigae.ac.cn/,official entry recorded,2026-08-15,Discovery only; verify the current official guide before use. No journal-quality judgment.
地理科学进展,Chinese soil and adjacent discovery,土地系统/土壤空间过程,中文/中英摘要,中国科学院地理科学与资源研究所、中国地理学会,https://www.progressingeography.com/,官网投稿须知,2026-08-15,Discovery only; verify the current official guide before use. No journal-quality judgment.
地理学报,Chinese soil and adjacent discovery,土壤地理/土地系统,中文/中英摘要,中国地理学会、中国科学院地理科学与资源研究所,https://www.geog.com.cn/,官网投稿须知,2026-08-15,Discovery only; verify the current official guide before use. No journal-quality judgment.
地球化学,General and interdisciplinary discovery,土壤元素循环、同位素、风化和污染地球化学,中文/中英摘要,中国科学院广州地球化学研究所、中国矿物岩石地球化学学会,http://www.gyig.ac.cn/,official entry recorded,2026-08-15,Discovery only; verify the current official guide before use. No journal-quality judgment.
地球科学进展,General and interdisciplinary discovery,土壤关键带、风化、地球系统与前沿综述,中文/中英摘要,中国科学院资源环境科学信息中心、国家自然科学基金委员会,http://www.adearth.ac.cn/,official entry recorded,2026-08-15,Discovery only; verify the current official guide before use. No journal-quality judgment.
地球信息科学学报,Chinese soil and adjacent discovery,数字土壤制图/空间信息,中文/中英摘要,中国科学院地理科学与资源研究所、中国地理学会,https://www.dqxxkx.cn/,官网投稿须知,2026-08-15,Discovery only; verify the current official guide before use. No journal-quality judgment.
地质学报,General and interdisciplinary discovery,古土壤、关键带、风化壳与地质环境,中文/中英摘要,中国地质学会,https://www.geojournals.cn/dzxb/ch/first_menu.aspx?parent_id=2008061202354001,official entry recorded,2026-08-15,Discovery only; verify the current official guide before use. No journal-quality judgment.
第四纪研究,General and interdisciplinary discovery,古土壤、环境演变、年代学与气候记录,中文/中英摘要,中国科学院地质与地球物理研究所、中国第四纪研究委员会,http://www.dsjyj.com.cn/,official entry recorded,2026-08-15,Discovery only; verify the current official guide before use. No journal-quality judgment.
东北农业大学学报,Chinese soil and adjacent discovery,寒地土壤/农业资源,中文/中英摘要,东北农业大学,http://dbnydxxb.cnjournals.com/,官网投稿须知,2026-08-15,Discovery only; verify the current official guide before use. No journal-quality judgment.
干旱区研究,Chinese soil and adjacent discovery,干旱土壤/生态水文,中文/中英摘要,中国科学院新疆生态与地理研究所,http://azr.xjegi.com/,官网投稿须知,2026-08-15,Discovery only; verify the current official guide before use. No journal-quality judgment.
干旱区资源与环境,Chinese soil and adjacent discovery,土地退化/资源环境,中文/中英摘要,中国自然资源学会干旱半干旱地区研究委员会、内蒙古农业大学,http://ghzh.cbpt.cnki.net/,CNKI 期刊门户内投稿须知,2026-08-15,Discovery only; verify the current official guide before use. No journal-quality judgment.
华北农学报,Chinese soil and adjacent discovery,农田土壤/养分/作物,中文/中英摘要,北京、天津、河北等农科院联合主办,http://www.hbnxb.net/,官网投稿须知,2026-08-15,Discovery only; verify the current official guide before use. No journal-quality judgment.
华中农业大学学报,Chinese soil and adjacent discovery,土壤肥料/资源环境,中文/中英摘要,华中农业大学,http://hnxbl.cnjournals.net/,官网投稿须知,2026-08-15,Discovery only; verify the current official guide before use. No journal-quality judgment.
环境工程学报,Chinese soil and adjacent discovery,土壤修复/固废资源化,中文/中英摘要,中国科学院生态环境研究中心,https://www.cjee.ac.cn/,官网投稿须知,2026-08-15,Discovery only; verify the current official guide before use. No journal-quality judgment.
环境化学,General and interdisciplinary discovery,土壤污染物形态、界面反应、分析与风险,中文/中英摘要,中国科学院生态环境研究中心,https://www.sciengine.com/EC/home,official entry recorded,2026-08-15,Discovery only; verify the current official guide before use. No journal-quality judgment.
环境科学,Chinese soil and adjacent discovery,土壤污染/环境化学,中文/中英摘要,中国科学院生态环境研究中心,https://www.hjkx.ac.cn/,官网投稿须知,2026-08-15,Discovery only; verify the current official guide before use. No journal-quality judgment.
环境科学学报,Chinese soil and adjacent discovery,土壤污染/环境过程,中文/中英摘要,中国科学院生态环境研究中心,https://www.sciengine.com/SE/Journal/hjkxxb,官网投稿指南,2026-08-15,Discovery only; verify the current official guide before use. No journal-quality judgment.
环境科学研究,General and interdisciplinary discovery,土壤污染、风险评估、修复与环境管理,中文/中英摘要,中国环境科学研究院,https://www.hjkxyj.org.cn/,official entry recorded,2026-08-15,Discovery only; verify the current official guide before use. No journal-quality judgment.
环境科学与技术,General and interdisciplinary discovery,土壤污染、修复材料、环境风险与工程应用,中文/中英摘要,湖北省生态环境科学研究院,http://www.fjks.com.cn/,official entry recorded,2026-08-15,Discovery only; verify the current official guide before use. No journal-quality judgment.
节水灌溉,Chinese soil and adjacent discovery,土壤水分/灌溉,中文/中英摘要,武汉大学、中国国家灌溉排水委员会,http://www.jsgg.com.cn/,官网投稿须知,2026-08-15,Discovery only; verify the current official guide before use. No journal-quality judgment.
科学通报,General and interdisciplinary discovery,具有较广科学意义的土壤、生态、农业和地球系统研究,中文/英文,中国科学院、国家自然科学基金委员会,https://www.sciengine.com/CSB/home,official entry recorded,2026-08-15,Discovery only; verify the current official guide before use. No journal-quality judgment.
矿物岩石地球化学通报,Chinese soil and adjacent discovery,土壤地球化学/矿物过程,中文/中英摘要,中国矿物岩石地球化学学会、中国科学院地球化学研究所,http://www.bulletin.cas.cn/,官网投稿须知,2026-08-15,Discovery only; verify the current official guide before use. No journal-quality judgment.
林业科学,General and interdisciplinary discovery,森林土壤、根际、凋落物和生态恢复,中文/中英摘要,中国林学会,http://www.linyekexue.net/,official entry recorded,2026-08-15,Discovery only; verify the current official guide before use. No journal-quality judgment.
南京农业大学学报,Chinese soil and adjacent discovery,土壤农业化学/植物营养,中文/中英摘要,南京农业大学,https://nauxb.njau.edu.cn/,官网投稿须知,2026-08-15,Discovery only; verify the current official guide before use. No journal-quality judgment.
农业工程学报,Chinese soil and adjacent discovery,耕作/土壤水肥/遥感,中文/中英摘要,中国农业工程学会,http://www.tcsae.org/,官网投稿须知,2026-08-15,Discovery only; verify the current official guide before use. No journal-quality judgment.
农业环境科学学报,Chinese soil and adjacent discovery,土壤环境/污染修复,中文/中英摘要,农业农村部环境保护科研监测所、中国农业生态环境保护协会,https://www.aes.org.cn/nyhjkxxb/,本地包已有征稿简则 PDF,2026-08-15,Discovery only; verify the current official guide before use. No journal-quality judgment.
农业机械学报,Chinese soil and adjacent discovery,耕作机械/土壤工程,中文/中英摘要,中国农业机械学会、中国农业机械化科学研究院,http://www.j-csam.org/,官网投稿须知,2026-08-15,Discovery only; verify the current official guide before use. No journal-quality judgment.
农业现代化研究,Chinese soil and adjacent discovery,农业生态/资源环境,中文/中英摘要,中国科学院亚热带农业生态研究所,http://nyxdhyj.isa.ac.cn/,官网投稿须知,2026-08-15,Discovery only; verify the current official guide before use. No journal-quality judgment.
农业资源与环境学报,Chinese soil and adjacent discovery,农业资源/土壤环境,中文/中英摘要,农业农村部环境保护科研监测所,https://www.aed.org.cn/nyzyyhjxb/,官网投稿须知,2026-08-15,Discovery only; verify the current official guide before use. No journal-quality judgment.
生态毒理学报,General and interdisciplinary discovery,土壤污染生态毒理、风险和生物效应,中文/中英摘要,中国科学院生态环境研究中心,https://cdn.sciengine.com/AJE/home,official entry recorded,2026-08-15,Discovery only; verify the current official guide before use. No journal-quality judgment.
生态环境学报,Chinese soil and adjacent discovery,土壤生态/环境,中文/中英摘要,广东省生态环境与土壤研究所、广东省土壤学会,http://www.jeesci.com/,官网投稿须知,2026-08-15,Discovery only; verify the current official guide before use. No journal-quality judgment.
生态学报,Chinese soil and adjacent discovery,土壤生态/生态系统,中文/中英摘要,中国生态学学会、中国科学院生态环境研究中心,https://www.ecologica.cn/,官网投稿须知,2026-08-15,Discovery only; verify the current official guide before use. No journal-quality judgment.
生态学杂志,Chinese soil and adjacent discovery,土壤生态/生态过程,中文/中英摘要,中国生态学学会、中国科学院沈阳应用生态研究所,http://www.cje.net.cn/,官网投稿须知,2026-08-15,Discovery only; verify the current official guide before use. No journal-quality judgment.
生态与农村环境学报,Chinese soil and adjacent discovery,土壤生态/农村环境,中文/中英摘要,生态环境部南京环境科学研究所,http://www.ere.ac.cn/,官网投稿须知,2026-08-15,Discovery only; verify the current official guide before use. No journal-quality judgment.
生物多样性,General and interdisciplinary discovery,土壤生物多样性、地下生态与保护,中文/中英摘要,中国科学院植物研究所、中国植物学会,https://www.biodiversity-science.net/,official entry recorded,2026-08-15,Discovery only; verify the current official guide before use. No journal-quality judgment.
湿地科学,Chinese soil and adjacent discovery,湿地土壤/生物地球化学,中文/中英摘要,中国科学院东北地理与农业生态研究所、中国生态学学会,http://wetlands.neigae.ac.cn/,官网投稿须知,2026-08-15,Discovery only; verify the current official guide before use. No journal-quality judgment.
水土保持通报,Chinese soil and adjacent discovery,土壤侵蚀/水土保持,中文/中英摘要,中国科学院水利部水土保持研究所,http://stbctb.alljournal.com.cn/,官网投稿须知,2026-08-15,Discovery only; verify the current official guide before use. No journal-quality judgment.
水土保持学报,Chinese soil and adjacent discovery,土壤侵蚀/水土保持,中文/中英摘要,中国科学院水利部水土保持研究所,https://www.stbcxb.com.cn/zh/info/16499/,投稿须知与写作指南均有官方页面,2026-08-15,Discovery only; verify the current official guide before use. No journal-quality judgment.
水土保持研究,Chinese soil and adjacent discovery,土壤侵蚀/生态恢复,中文/中英摘要,中国科学院水利部水土保持研究所,http://stbcyj.paperonce.org/,官网投稿须知,2026-08-15,Discovery only; verify the current official guide before use. No journal-quality judgment.
土壤,Chinese soil and adjacent discovery,直接土壤学,中文/中英摘要,中国科学院南京土壤研究所,http://soils.issas.ac.cn/,官网投稿须知；本地包已有保存件,2026-08-15,Discovery only; verify the current official guide before use. No journal-quality judgment.
土壤通报,Chinese soil and adjacent discovery,直接土壤学,中文/中英摘要,中国土壤学会、沈阳农业大学,http://www.trtb.net/tougaozhinan,当前指南仍写 GB/T 7714—2015；模板下载有验证码,2026-08-15,Discovery only; verify the current official guide before use. No journal-quality judgment.
土壤学报,Chinese soil and adjacent discovery,直接土壤学,中文/中英摘要,中国科学院南京土壤研究所、中国土壤学会,http://pedologica.issas.ac.cn/,官网内“投稿指南/下载中心”,2026-08-15,Discovery only; verify the current official guide before use. No journal-quality judgment.
土壤与作物,Chinese soil and adjacent discovery,直接土壤学/作物,中文/中英摘要,中国科学院东北地理与农业生态研究所,http://trzw.cbpt.cnki.net/,官网投稿须知,2026-08-15,Discovery only; verify the current official guide before use. No journal-quality judgment.
微生物学报,General and interdisciplinary discovery,土壤微生物生态、功能菌与组学,中文/中英摘要,中国科学院微生物研究所、中国微生物学会,https://actamicro.ijournals.cn/actamicrocn/,official entry recorded,2026-08-15,Discovery only; verify the current official guide before use. No journal-quality judgment.
微生物学通报,General and interdisciplinary discovery,土壤微生物技术、群落与教学方法,中文/中英摘要,中国科学院微生物研究所、中国微生物学会,https://wswxtb.ijournals.cn/wswxtbcn/,official entry recorded,2026-08-15,Discovery only; verify the current official guide before use. No journal-quality judgment.
西北农林科技大学学报（自然科学版）,Chinese soil and adjacent discovery,水土保持/土壤肥料,中文/中英摘要,西北农林科技大学,https://www.xnxbz.net/,官网投稿须知,2026-08-15,Discovery only; verify the current official guide before use. No journal-quality judgment.
西南农业学报,Chinese soil and adjacent discovery,土壤肥料/农业生态,中文/中英摘要,西南地区农业科学院等,http://www.xnnyxb.com/,官网投稿须知,2026-08-15,Discovery only; verify the current official guide before use. No journal-quality judgment.
岩矿测试,Chinese soil and adjacent discovery,土壤矿物/元素分析方法,中文/中英摘要,中国地质学会岩矿测试技术专业委员会、国家地质实验测试中心,http://www.ykcs.ac.cn/,官网投稿须知,2026-08-15,Discovery only; verify the current official guide before use. No journal-quality judgment.
岩石矿物学杂志,Chinese soil and adjacent discovery,土壤矿物学/黏土矿物,中文/中英摘要,中国地质学会岩石学专业委员会等,http://www.yskw.ac.cn/,官网投稿须知,2026-08-15,Discovery only; verify the current official guide before use. No journal-quality judgment.
遥感学报,Chinese soil and adjacent discovery,土壤遥感/数字制图,中文/中英摘要,中国科学院空天信息创新研究院、中国地理学会,https://www.ygxb.ac.cn/,官网投稿须知,2026-08-15,Discovery only; verify the current official guide before use. No journal-quality judgment.
应用生态学报,Chinese soil and adjacent discovery,土壤生态/农林生态,中文/中英摘要,中国生态学学会、中国科学院沈阳应用生态研究所,http://www.cjae.net/,官网投稿须知,2026-08-15,Discovery only; verify the current official guide before use. No journal-quality judgment.
长江流域资源与环境,General and interdisciplinary discovery,流域土壤、土地利用、生态风险和面源污染,中文/中英摘要,中国科学院武汉文献情报中心、中国科学院南京地理与湖泊研究所,https://yangtzebasin.whlib.ac.cn/,official entry recorded,2026-08-15,Discovery only; verify the current official guide before use. No journal-quality judgment.
浙江大学学报（农业与生命科学版）,Chinese soil and adjacent discovery,土壤资源/植物营养,中文/中英摘要,浙江大学,https://www.zjujournals.com/agr/,官网投稿须知,2026-08-15,Discovery only; verify the current official guide before use. No journal-quality judgment.
植物生态学报,Chinese soil and adjacent discovery,土壤—植物关系/生态,中文/中英摘要,中国科学院植物研究所、中国植物学会,https://www.plant-ecology.com/,官网投稿须知,2026-08-15,Discovery only; verify the current official guide before use. No journal-quality judgment.
植物营养与肥料学报,Chinese soil and adjacent discovery,植物营养/肥料/土壤,中文/中英摘要,中国植物营养与肥料学会,https://www.plantnutrifert.org/,本地包已有投稿须知 PDF,2026-08-15,Discovery only; verify the current official guide before use. No journal-quality judgment.
中国环境科学,Chinese soil and adjacent discovery,土壤污染/修复,中文/中英摘要,中国环境科学学会,http://www.zghjkx.com.cn/,官网投稿须知,2026-08-15,Discovery only; verify the current official guide before use. No journal-quality judgment.
中国科学：地球科学,General and interdisciplinary discovery,土壤形成、关键带、风化、地球化学和陆面过程,中文/英文,中国科学院、国家自然科学基金委员会,https://www.sciengine.com/SCES/home,official entry recorded,2026-08-15,Discovery only; verify the current official guide before use. No journal-quality judgment.
中国农学通报,Chinese soil and adjacent discovery,土壤肥料/资源环境,中文/中英摘要,中国农学会,https://www.casb.org.cn/,官网投稿须知,2026-08-15,Discovery only; verify the current official guide before use. No journal-quality judgment.
中国农业科学,Chinese soil and adjacent discovery,土壤肥料/农业资源环境,中文/中英摘要,中国农业科学院,https://www.chinaagrisci.com/,官网投稿须知,2026-08-15,Discovery only; verify the current official guide before use. No journal-quality judgment.
中国农业资源与区划,Chinese soil and adjacent discovery,耕地质量/土地资源,中文/中英摘要,中国农业科学院农业资源与农业区划研究所,https://www.cjarrp.com/,官网投稿须知,2026-08-15,Discovery only; verify the current official guide before use. No journal-quality judgment.
中国沙漠,General and interdisciplinary discovery,荒漠土壤、风蚀、土地退化与恢复,中文/中英摘要,中国科学院西北生态环境资源研究院、中国地理学会,http://www.desert.ac.cn/,official entry recorded,2026-08-15,Discovery only; verify the current official guide before use. No journal-quality judgment.
中国生态农业学报（中英文）,Chinese soil and adjacent discovery,农田土壤/生态农业,中英文,中国科学院遗传与发育生物学研究所农业资源研究中心、中国生态经济学学会,https://www.ecoagri.ac.cn/,官网投稿指南,2026-08-15,Discovery only; verify the current official guide before use. No journal-quality judgment.
中国水土保持科学,Chinese soil and adjacent discovery,土壤侵蚀/水土保持,中文/中英摘要,中国水土保持学会,http://www.sswcc.org.cn/,官网投稿须知,2026-08-15,Discovery only; verify the current official guide before use. No journal-quality judgment.
中国土壤与肥料,Chinese soil and adjacent discovery,土壤肥力/肥料,中文/中英摘要,中国农业科学院农业资源与农业区划研究所、中国植物营养与肥料学会,https://chinatrfl.alljournal.net.cn/,官网投稿须知,2026-08-15,Discovery only; verify the current official guide before use. No journal-quality judgment.
资源科学,Chinese soil and adjacent discovery,土地资源/生态系统服务,中文/中英摘要,中国科学院地理科学与资源研究所、中国自然资源学会,https://www.resci.cn/,官网投稿须知,2026-08-15,Discovery only; verify the current official guide before use. No journal-quality judgment.
自然资源学报,General and interdisciplinary discovery,耕地、土地退化、土壤资源与生态系统服务,中文/中英摘要,中国自然资源学会、中国科学院地理科学与资源研究所,https://www.jnr.ac.cn/,official entry recorded,2026-08-15,Discovery only; verify the current official guide before use. No journal-quality judgment.
自然资源遥感,Chinese soil and adjacent discovery,土壤与土地遥感,中文/中英摘要,中国自然资源航空物探遥感中心,https://www.gtzyyg.com/,官网投稿须知,2026-08-15,Discovery only; verify the current official guide before use. No journal-quality judgment.
作物学报,Chinese soil and adjacent discovery,土壤—作物/养分管理,中文/中英摘要,中国作物学会、中国农业科学院作物科学研究所,https://zwxb.chinacrops.org/,官网投稿须知,2026-08-15,Discovery only; verify the current official guide before use. No journal-quality judgment.
Acta Agriculturae Scandinavica Section B: Soil and Plant Science,Scopus Soil Science discovery | WoS Soil Science discovery,直接土壤学/土壤过程,International / English,Taylor & Francis,https://www.tandfonline.com/action/authorSubmission?show=instructions&journalCode=sagb20,已定位官方投稿入口,2026-08-15,Discovery only; verify the current official guide before use. No journal-quality judgment.
Acta Pedologica Sinica,Scopus Soil Science discovery,直接土壤学/土壤过程,International / English,待核验,,仅完成分类收录，投稿入口待逐刊核验,2026-08-15,Discovery only; verify the current official guide before use. No journal-quality judgment.
Advances in Agriculture,Scopus Soil Science discovery,Scopus 土壤学分类中的交叉期刊,International / English,待核验,,仅完成分类收录，投稿入口待逐刊核验,2026-08-15,Discovery only; verify the current official guide before use. No journal-quality judgment.
Agricultural and Environmental Letters,Scopus Soil Science discovery,Scopus 土壤学分类中的交叉期刊,International / English,待核验,,仅完成分类收录，投稿入口待逐刊核验,2026-08-15,Discovery only; verify the current official guide before use. No journal-quality judgment.
Agricultural and Forest Meteorology,General and interdisciplinary discovery,土壤水热、蒸散、碳通量和陆气交换,国际/英文,Elsevier,https://www.sciencedirect.com/journal/agricultural-and-forest-meteorology/publish/guide-for-authors,official entry recorded,2026-08-15,Discovery only; verify the current official guide before use. No journal-quality judgment.
Agricultural Systems,General and interdisciplinary discovery,土壤管理在农场和食物系统中的综合效应,国际/英文,Elsevier,https://www.sciencedirect.com/journal/agricultural-systems/publish/guide-for-authors,official entry recorded,2026-08-15,Discovery only; verify the current official guide before use. No journal-quality judgment.
Agricultural Water Management,Scopus Soil Science discovery,Scopus 土壤学分类中的交叉期刊,International / English,待核验,,仅完成分类收录，投稿入口待逐刊核验,2026-08-15,Discovery only; verify the current official guide before use. No journal-quality judgment.
"Agriculture, Ecosystems & Environment",General and interdisciplinary discovery,农田土壤碳氮、温室气体、生态系统服务与管理,国际/英文,Elsevier,https://www.sciencedirect.com/journal/agriculture-ecosystems-and-environment/publish/guide-for-authors,official entry recorded,2026-08-15,Discovery only; verify the current official guide before use. No journal-quality judgment.
Agrochimica,WoS Soil Science discovery,Soil Science category,International / English,Pisa University Press,https://www.pisauniversitypress.it/landing-page/le-riviste/agrochimica-1497.html,已定位官方投稿入口,2026-08-15,Discovery only; verify the current official guide before use. No journal-quality judgment.
"Agrosystems, Geosciences and Environment",Scopus Soil Science discovery,Scopus 土壤学分类中的交叉期刊,International / English,待核验,,仅完成分类收录，投稿入口待逐刊核验,2026-08-15,Discovery only; verify the current official guide before use. No journal-quality judgment.
Annals of Agricultural Sciences,Scopus Soil Science discovery,Scopus 土壤学分类中的交叉期刊,International / English,待核验,,仅完成分类收录，投稿入口待逐刊核验,2026-08-15,Discovery only; verify the current official guide before use. No journal-quality judgment.
Applied and Environmental Soil Science,Scopus Soil Science discovery | WoS Soil Science discovery,直接土壤学/土壤过程,International / English,Wiley,https://onlinelibrary.wiley.com/page/journal/16877675/homepage/forauthors.html,已定位官方投稿入口,2026-08-15,Discovery only; verify the current official guide before use. No journal-quality judgment.
Applied Clay Science,Scopus Soil Science discovery,直接土壤学/土壤过程,International / English,待核验,,仅完成分类收录，投稿入口待逐刊核验,2026-08-15,Discovery only; verify the current official guide before use. No journal-quality judgment.
Applied Soil Ecology,Scopus Soil Science discovery | WoS Soil Science discovery,直接土壤学/土壤过程,International / English,Elsevier,https://www.sciencedirect.com/journal/applied-soil-ecology/publish/guide-for-authors,已定位官方投稿入口,2026-08-15,Discovery only; verify the current official guide before use. No journal-quality judgment.
Archives of Agronomy and Soil Science,Scopus Soil Science discovery | WoS Soil Science discovery,直接土壤学/土壤过程,International / English,Taylor & Francis,https://www.tandfonline.com/action/authorSubmission?show=instructions&journalCode=gags20,已定位官方投稿入口,2026-08-15,Discovery only; verify the current official guide before use. No journal-quality judgment.
Arid Land Research and Management,Scopus Soil Science discovery | WoS Soil Science discovery,Scopus 土壤学分类中的交叉期刊,International / English,Taylor & Francis,https://www.tandfonline.com/action/authorSubmission?show=instructions&journalCode=uasr20,已定位官方投稿入口,2026-08-15,Discovery only; verify the current official guide before use. No journal-quality judgment.
Biochar,Scopus Soil Science discovery | WoS Soil Science discovery,Scopus 土壤学分类中的交叉期刊,International / English,Springer Nature,https://link.springer.com/journal/42773/submission-guidelines,已定位官方投稿入口,2026-08-15,Discovery only; verify the current official guide before use. No journal-quality judgment.
Biogeochemistry,General and interdisciplinary discovery,土壤碳氮磷硫循环与生态系统过程,国际/英文,Springer Nature,https://link.springer.com/journal/10533/submission-guidelines,official entry recorded,2026-08-15,Discovery only; verify the current official guide before use. No journal-quality judgment.
Biogeosciences,General and interdisciplinary discovery,土壤碳、温室气体、关键带与地球系统过程,国际/英文,Copernicus Publications,https://www.biogeosciences.net/submission.html,official entry recorded,2026-08-15,Discovery only; verify the current official guide before use. No journal-quality judgment.
Biology and Fertility of Soils,Scopus Soil Science discovery | WoS Soil Science discovery,直接土壤学/土壤过程,International / English,Springer Nature,https://link.springer.com/journal/374/submission-guidelines,已定位官方投稿入口,2026-08-15,Discovery only; verify the current official guide before use. No journal-quality judgment.
Bioresource Technology,General and interdisciplinary discovery,堆肥、生物炭、废弃物资源化与土壤利用,国际/英文,Elsevier,https://www.sciencedirect.com/journal/bioresource-technology/publish/guide-for-authors,official entry recorded,2026-08-15,Discovery only; verify the current official guide before use. No journal-quality judgment.
Biosystems Engineering,Scopus Soil Science discovery,Scopus 土壤学分类中的交叉期刊,International / English,待核验,,仅完成分类收录，投稿入口待逐刊核验,2026-08-15,Discovery only; verify the current official guide before use. No journal-quality judgment.
Canadian Journal of Soil Science,Scopus Soil Science discovery | WoS Soil Science discovery,直接土壤学/土壤过程,International / English,Canadian Science Publishing,https://cdnsciencepub.com/journal/cjss,已定位官方投稿入口,2026-08-15,Discovery only; verify the current official guide before use. No journal-quality judgment.
Catena,WoS Soil Science discovery,Soil Science category,International / English,Elsevier,https://www.sciencedirect.com/journal/catena/publish/guide-for-authors,已定位官方投稿入口,2026-08-15,Discovery only; verify the current official guide before use. No journal-quality judgment.
Chinese Journal of Eco-Agriculture,Scopus Soil Science discovery,Scopus 土壤学分类中的交叉期刊,International / English,待核验,,仅完成分类收录，投稿入口待逐刊核验,2026-08-15,Discovery only; verify the current official guide before use. No journal-quality judgment.
Clays and Clay Minerals,Scopus Soil Science discovery | WoS Soil Science discovery,直接土壤学/土壤过程,International / English,Cambridge University Press,https://www.cambridge.org/core/journals/clays-and-clay-minerals/information/author-instructions,已定位官方投稿入口,2026-08-15,Discovery only; verify the current official guide before use. No journal-quality judgment.
Communications Earth & Environment,General and interdisciplinary discovery,土壤形成、土地退化、碳循环、地球表层过程,国际/英文,Nature Portfolio,https://www.nature.com/commsenv/for-authors,official entry recorded,2026-08-15,Discovery only; verify the current official guide before use. No journal-quality judgment.
Communications in Soil Science and Plant Analysis,Scopus Soil Science discovery | WoS Soil Science discovery,直接土壤学/土壤过程,International / English,Taylor & Francis,https://www.tandfonline.com/action/authorSubmission?show=instructions&journalCode=lcss20,已定位官方投稿入口,2026-08-15,Discovery only; verify the current official guide before use. No journal-quality judgment.
Compost Science & Utilization,WoS Soil Science discovery,Soil Science category,International / English,Taylor & Francis,https://www.tandfonline.com/action/authorSubmission?show=instructions&journalCode=ucsx20,已定位官方投稿入口,2026-08-15,Discovery only; verify the current official guide before use. No journal-quality judgment.
Computers and Electronics in Agriculture,General and interdisciplinary discovery,土壤传感器、近地遥感、精准农业和预测模型,国际/英文,Elsevier,https://www.sciencedirect.com/journal/computers-and-electronics-in-agriculture/publish/guide-for-authors,official entry recorded,2026-08-15,Discovery only; verify the current official guide before use. No journal-quality judgment.
Earth System Science Data,General and interdisciplinary discovery,全球/区域土壤数据库、基准数据集和数据产品,国际/英文,Copernicus Publications,https://www.earth-system-science-data.net/submission.html,official entry recorded,2026-08-15,Discovery only; verify the current official guide before use. No journal-quality judgment.
Earth's Future,General and interdisciplinary discovery,土壤与气候风险、土地系统、情景和可持续治理,国际/英文,AGU / Wiley,https://www.agu.org/Publish-with-AGU/Publish/Author-Resources,official entry recorded,2026-08-15,Discovery only; verify the current official guide before use. No journal-quality judgment.
Ecological Applications,General and interdisciplinary discovery,土壤管理、生态恢复、土地利用与生态系统服务,国际/英文,Ecological Society of America / Wiley,https://esajournals.onlinelibrary.wiley.com/hub/journal/19395582/resources/author-guidelines,official entry recorded,2026-08-15,Discovery only; verify the current official guide before use. No journal-quality judgment.
Ecological Indicators,General and interdisciplinary discovery,土壤质量、土壤健康和生态评价指标,国际/英文,Elsevier,https://www.sciencedirect.com/journal/ecological-indicators/publish/guide-for-authors,official entry recorded,2026-08-15,Discovery only; verify the current official guide before use. No journal-quality judgment.
Ecological Informatics,General and interdisciplinary discovery,数字土壤制图、机器学习、土壤生态数据分析,国际/英文,Elsevier,https://www.sciencedirect.com/journal/ecological-informatics/publish/guide-for-authors,official entry recorded,2026-08-15,Discovery only; verify the current official guide before use. No journal-quality judgment.
Ecosystems,General and interdisciplinary discovery,土壤—植物—微生物耦合、生态系统物质循环,国际/英文,Springer Nature,https://link.springer.com/journal/10021/submission-guidelines,official entry recorded,2026-08-15,Discovery only; verify the current official guide before use. No journal-quality judgment.
Ecotoxicology and Environmental Safety,General and interdisciplinary discovery,土壤污染物生态毒性和风险机制,国际/英文,Elsevier,https://www.sciencedirect.com/journal/ecotoxicology-and-environmental-safety/publish/guide-for-authors,official entry recorded,2026-08-15,Discovery only; verify the current official guide before use. No journal-quality judgment.
Egyptian Journal Of Soil Science,WoS Soil Science discovery,Soil Science category,International / English,Egyptian Knowledge Bank,https://ejss.journals.ekb.eg/journal/authors.note,已定位官方投稿入口,2026-08-15,Discovery only; verify the current official guide before use. No journal-quality judgment.
Environment International,General and interdisciplinary discovery,土壤污染暴露、健康风险和全球环境问题,国际/英文,Elsevier,https://www.sciencedirect.com/journal/environment-international/publish/guide-for-authors,official entry recorded,2026-08-15,Discovery only; verify the current official guide before use. No journal-quality judgment.
Environmental Chemistry Letters,General and interdisciplinary discovery,土壤污染化学、修复材料和前沿综述,国际/英文,Springer Nature,https://link.springer.com/journal/10311/submission-guidelines,official entry recorded,2026-08-15,Discovery only; verify the current official guide before use. No journal-quality judgment.
Environmental Earth Sciences,Scopus Soil Science discovery,Scopus 土壤学分类中的交叉期刊,International / English,待核验,,仅完成分类收录，投稿入口待逐刊核验,2026-08-15,Discovery only; verify the current official guide before use. No journal-quality judgment.
Environmental Geochemistry and Health,General and interdisciplinary discovery,土壤元素地球化学、暴露与健康风险,国际/英文,Springer Nature,https://link.springer.com/journal/10653/submission-guidelines,official entry recorded,2026-08-15,Discovery only; verify the current official guide before use. No journal-quality judgment.
Environmental Microbiology,General and interdisciplinary discovery,土壤微生物生态、功能和环境过程,国际/英文,Wiley,https://onlinelibrary.wiley.com/page/journal/14622920/homepage/forauthors.html,official entry recorded,2026-08-15,Discovery only; verify the current official guide before use. No journal-quality judgment.
Environmental Pollution,General and interdisciplinary discovery,土壤污染效应、生态风险和修复,国际/英文,Elsevier,https://www.sciencedirect.com/journal/environmental-pollution/publish/guide-for-authors,official entry recorded,2026-08-15,Discovery only; verify the current official guide before use. No journal-quality judgment.
Environmental Research,General and interdisciplinary discovery,土壤污染、暴露、生态与健康交叉,国际/英文,Elsevier,https://www.sciencedirect.com/journal/environmental-research/publish/guide-for-authors,official entry recorded,2026-08-15,Discovery only; verify the current official guide before use. No journal-quality judgment.
Environmental Research Letters,General and interdisciplinary discovery,土壤碳、土地利用、全球变化与政策相关研究,国际/英文,IOP Publishing,https://publishingsupport.iopscience.iop.org/journals/environmental-research-letters/about-environmental-research-letters/,official entry recorded,2026-08-15,Discovery only; verify the current official guide before use. No journal-quality judgment.
Environmental Science & Ecotechnology,General and interdisciplinary discovery,土壤污染、修复、环境健康与新技术,国际/英文,Elsevier / Chinese Society for Environmental Sciences,https://www.sciencedirect.com/journal/environmental-science-and-ecotechnology/publish/guide-for-authors,official entry recorded,2026-08-15,Discovery only; verify the current official guide before use. No journal-quality judgment.
Environmental Science & Technology,General and interdisciplinary discovery,土壤污染化学、界面过程、修复机制和环境风险,国际/英文,American Chemical Society,https://publish.acs.org/publish/author_guidelines?coden=esthag,official entry recorded,2026-08-15,Discovery only; verify the current official guide before use. No journal-quality judgment.
Environmental Science & Technology Letters,General and interdisciplinary discovery,重要而简洁的土壤污染与环境化学发现,国际/英文,American Chemical Society,https://publish.acs.org/publish/author_guidelines?coden=estlcu,official entry recorded,2026-08-15,Discovery only; verify the current official guide before use. No journal-quality judgment.
Environmental Technology and Innovation,Scopus Soil Science discovery,Scopus 土壤学分类中的交叉期刊,International / English,待核验,,仅完成分类收录，投稿入口待逐刊核验,2026-08-15,Discovery only; verify the current official guide before use. No journal-quality judgment.
ES Food and Agroforestry,Scopus Soil Science discovery,Scopus 土壤学分类中的交叉期刊,International / English,待核验,,仅完成分类收录，投稿入口待逐刊核验,2026-08-15,Discovery only; verify the current official guide before use. No journal-quality judgment.
Eurasian Soil Science,Scopus Soil Science discovery | WoS Soil Science discovery,直接土壤学/土壤过程,International / English,Springer Nature,https://link.springer.com/journal/11475/submission-guidelines,已定位官方投稿入口,2026-08-15,Discovery only; verify the current official guide before use. No journal-quality judgment.
European Journal of Agronomy,Scopus Soil Science discovery,Scopus 土壤学分类中的交叉期刊,International / English,待核验,,仅完成分类收录，投稿入口待逐刊核验,2026-08-15,Discovery only; verify the current official guide before use. No journal-quality judgment.
European Journal of Soil Biology,Scopus Soil Science discovery | WoS Soil Science discovery,直接土壤学/土壤过程,International / English,Elsevier,https://www.sciencedirect.com/journal/european-journal-of-soil-biology/publish/guide-for-authors,已定位官方投稿入口,2026-08-15,Discovery only; verify the current official guide before use. No journal-quality judgment.
European Journal of Soil Science,Scopus Soil Science discovery | WoS Soil Science discovery,直接土壤学/土壤过程,International / English,Wiley,https://onlinelibrary.wiley.com/page/journal/13652389/homepage/forauthors.html,已定位官方投稿入口,2026-08-15,Discovery only; verify the current official guide before use. No journal-quality judgment.
Farming System,Scopus Soil Science discovery,Scopus 土壤学分类中的交叉期刊,International / English,待核验,,仅完成分类收录，投稿入口待逐刊核验,2026-08-15,Discovery only; verify the current official guide before use. No journal-quality judgment.
Field Crops Research,Scopus Soil Science discovery,Scopus 土壤学分类中的交叉期刊,International / English,待核验,,仅完成分类收录，投稿入口待逐刊核验,2026-08-15,Discovery only; verify the current official guide before use. No journal-quality judgment.
Forest Ecology and Management,General and interdisciplinary discovery,森林土壤、凋落物、经营和恢复,国际/英文,Elsevier,https://www.sciencedirect.com/journal/forest-ecology-and-management/publish/guide-for-authors,official entry recorded,2026-08-15,Discovery only; verify the current official guide before use. No journal-quality judgment.
Frontiers in Agronomy,Scopus Soil Science discovery,Scopus 土壤学分类中的交叉期刊,International / English,待核验,,仅完成分类收录，投稿入口待逐刊核验,2026-08-15,Discovery only; verify the current official guide before use. No journal-quality judgment.
Frontiers in Soil Science,Scopus Soil Science discovery | WoS Soil Science discovery,直接土壤学/土壤过程,International / English,Frontiers,https://www.frontiersin.org/journals/soil-science/for-authors/author-guidelines,已定位官方投稿入口,2026-08-15,Discovery only; verify the current official guide before use. No journal-quality judgment.
Functional Ecology,General and interdisciplinary discovery,根际、土壤生物、植物—土壤反馈和功能性状,国际/英文,British Ecological Society / Wiley,https://besjournals.onlinelibrary.wiley.com/hub/journal/13652435/author-guidelines,official entry recorded,2026-08-15,Discovery only; verify the current official guide before use. No journal-quality judgment.
Geoderma,Scopus Soil Science discovery | WoS Soil Science discovery,直接土壤学/土壤过程,International / English,Elsevier,https://www.sciencedirect.com/journal/geoderma/publish/guide-for-authors,已定位官方投稿入口,2026-08-15,Discovery only; verify the current official guide before use. No journal-quality judgment.
Geoderma Regional,Scopus Soil Science discovery | WoS Soil Science discovery,直接土壤学/土壤过程,International / English,Elsevier,https://www.sciencedirect.com/journal/geoderma-regional/publish/guide-for-authors,已定位官方投稿入口,2026-08-15,Discovery only; verify the current official guide before use. No journal-quality judgment.
Geotechnical and Geological Engineering,Scopus Soil Science discovery,Scopus 土壤学分类中的交叉期刊,International / English,待核验,,仅完成分类收录，投稿入口待逐刊核验,2026-08-15,Discovery only; verify the current official guide before use. No journal-quality judgment.
Global Biogeochemical Cycles,General and interdisciplinary discovery,土壤碳氮磷循环、陆地—大气交换、全球模型,国际/英文,AGU / Wiley,https://www.agu.org/Publish-with-AGU/Publish/Author-Resources,official entry recorded,2026-08-15,Discovery only; verify the current official guide before use. No journal-quality judgment.
Global Change Biology,General and interdisciplinary discovery,土壤碳氮、温室气体、全球变化实验与综合分析,国际/英文,Wiley,https://onlinelibrary.wiley.com/page/journal/13652486/homepage/forauthors.html,official entry recorded,2026-08-15,Discovery only; verify the current official guide before use. No journal-quality judgment.
Global Ecology and Biogeography,General and interdisciplinary discovery,全球土壤生物多样性、空间格局和综合分析,国际/英文,Wiley,https://onlinelibrary.wiley.com/page/journal/14668238/homepage/forauthors.html,official entry recorded,2026-08-15,Discovery only; verify the current official guide before use. No journal-quality judgment.
Hydrology and Earth System Sciences,General and interdisciplinary discovery,土壤水文、陆面过程、模型和尺度扩展,国际/英文,Copernicus Publications,https://www.hydrology-and-earth-system-sciences.net/submission.html,official entry recorded,2026-08-15,Discovery only; verify the current official guide before use. No journal-quality judgment.
IEEE Transactions on Geoscience and Remote Sensing,General and interdisciplinary discovery,土壤水分、盐分、粗糙度和遥感算法,国际/英文,IEEE,https://journals.ieeeauthorcenter.ieee.org/your-role-in-article-production/ieee-editorial-style-manual/,official entry recorded,2026-08-15,Discovery only; verify the current official guide before use. No journal-quality judgment.
International Agrophysics,Scopus Soil Science discovery,Scopus 土壤学分类中的交叉期刊,International / English,待核验,,仅完成分类收录，投稿入口待逐刊核验,2026-08-15,Discovery only; verify the current official guide before use. No journal-quality judgment.
International Journal of Applied Earth Observation and Geoinformation,General and interdisciplinary discovery,土壤属性制图、土壤水分和农业地球观测,国际/英文,Elsevier,https://www.sciencedirect.com/journal/international-journal-of-applied-earth-observation-and-geoinformation/publish/guide-for-authors,official entry recorded,2026-08-15,Discovery only; verify the current official guide before use. No journal-quality judgment.
International Journal of Environmental Analytical Chemistry,Scopus Soil Science discovery,Scopus 土壤学分类中的交叉期刊,International / English,待核验,,仅完成分类收录，投稿入口待逐刊核验,2026-08-15,Discovery only; verify the current official guide before use. No journal-quality judgment.
International Journal of Geomechanics,Scopus Soil Science discovery,Scopus 土壤学分类中的交叉期刊,International / English,待核验,,仅完成分类收录，投稿入口待逐刊核验,2026-08-15,Discovery only; verify the current official guide before use. No journal-quality judgment.
International Journal of Geotechnical Engineering,Scopus Soil Science discovery,Scopus 土壤学分类中的交叉期刊,International / English,待核验,,仅完成分类收录，投稿入口待逐刊核验,2026-08-15,Discovery only; verify the current official guide before use. No journal-quality judgment.
International Soil and Water Conservation Research,Scopus Soil Science discovery | WoS Soil Science discovery,直接土壤学/土壤过程,International / English,Elsevier,https://www.sciencedirect.com/journal/international-soil-and-water-conservation-research/publish/guide-for-authors,已定位官方投稿入口,2026-08-15,Discovery only; verify the current official guide before use. No journal-quality judgment.
Irrigation and Drainage,Scopus Soil Science discovery,Scopus 土壤学分类中的交叉期刊,International / English,待核验,,仅完成分类收录，投稿入口待逐刊核验,2026-08-15,Discovery only; verify the current official guide before use. No journal-quality judgment.
Irrigation Science,Scopus Soil Science discovery,Scopus 土壤学分类中的交叉期刊,International / English,待核验,,仅完成分类收录，投稿入口待逐刊核验,2026-08-15,Discovery only; verify the current official guide before use. No journal-quality judgment.
ISPRS Journal of Photogrammetry and Remote Sensing,General and interdisciplinary discovery,数字土壤制图、土壤属性反演和高水平方法创新,国际/英文,Elsevier,https://www.sciencedirect.com/journal/isprs-journal-of-photogrammetry-and-remote-sensing/publish/guide-for-authors,official entry recorded,2026-08-15,Discovery only; verify the current official guide before use. No journal-quality judgment.
Journal of Applied Ecology,General and interdisciplinary discovery,土壤生态管理、恢复和政策相关研究,国际/英文,British Ecological Society / Wiley,https://besjournals.onlinelibrary.wiley.com/hub/journal/13652664/author-guidelines,official entry recorded,2026-08-15,Discovery only; verify the current official guide before use. No journal-quality judgment.
Journal of Cleaner Production,General and interdisciplinary discovery,肥料、土壤修复材料、农业循环和生命周期评价,国际/英文,Elsevier,https://www.sciencedirect.com/journal/journal-of-cleaner-production/publish/guide-for-authors,official entry recorded,2026-08-15,Discovery only; verify the current official guide before use. No journal-quality judgment.
Journal of Contaminant Hydrology,General and interdisciplinary discovery,土壤—地下水污染物迁移和反应过程,国际/英文,Elsevier,https://www.sciencedirect.com/journal/journal-of-contaminant-hydrology/publish/guide-for-authors,official entry recorded,2026-08-15,Discovery only; verify the current official guide before use. No journal-quality judgment.
Journal of Crop Improvement,Scopus Soil Science discovery,Scopus 土壤学分类中的交叉期刊,International / English,待核验,,仅完成分类收录，投稿入口待逐刊核验,2026-08-15,Discovery only; verify the current official guide before use. No journal-quality judgment.
Journal of Environmental Chemical Engineering,General and interdisciplinary discovery,土壤修复材料、吸附催化和污染控制,国际/英文,Elsevier,https://www.sciencedirect.com/journal/journal-of-environmental-chemical-engineering/publish/guide-for-authors,official entry recorded,2026-08-15,Discovery only; verify the current official guide before use. No journal-quality judgment.
Journal of Environmental Management,General and interdisciplinary discovery,污染土壤治理、土地管理和环境评价,国际/英文,Elsevier,https://www.sciencedirect.com/journal/journal-of-environmental-management/publish/guide-for-authors,official entry recorded,2026-08-15,Discovery only; verify the current official guide before use. No journal-quality judgment.
Journal of Environmental Quality,General and interdisciplinary discovery,土壤—水环境、养分损失、污染和管理,国际/英文,ACSESS / Wiley,https://acsess.onlinelibrary.wiley.com/hub/journal/15372537/author-guidelines,official entry recorded,2026-08-15,Discovery only; verify the current official guide before use. No journal-quality judgment.
Journal of Geophysical Research: Biogeosciences,Scopus Soil Science discovery,Scopus 土壤学分类中的交叉期刊,International / English,待核验,,仅完成分类收录，投稿入口待逐刊核验,2026-08-15,Discovery only; verify the current official guide before use. No journal-quality judgment.
Journal of Hazardous Materials,General and interdisciplinary discovery,重金属、有机污染物、微塑料和土壤修复机制,国际/英文,Elsevier,https://www.sciencedirect.com/journal/journal-of-hazardous-materials/publish/guide-for-authors,official entry recorded,2026-08-15,Discovery only; verify the current official guide before use. No journal-quality judgment.
Journal of Hydrology,General and interdisciplinary discovery,土壤水分、渗流、坡面水文和土壤—地下水过程,国际/英文,Elsevier,https://www.sciencedirect.com/journal/journal-of-hydrology/publish/guide-for-authors,official entry recorded,2026-08-15,Discovery only; verify the current official guide before use. No journal-quality judgment.
Journal of Plant Nutrition and Soil Science,Scopus Soil Science discovery | WoS Soil Science discovery,直接土壤学/土壤过程,International / English,Wiley,https://onlinelibrary.wiley.com/page/journal/15222624/homepage/forauthors.html,已定位官方投稿入口,2026-08-15,Discovery only; verify the current official guide before use. No journal-quality judgment.
Journal of Soil and Water Conservation,Scopus Soil Science discovery | WoS Soil Science discovery,直接土壤学/土壤过程,International / English,Soil and Water Conservation Society,https://www.jswconline.org/content/instructions-authors,已定位官方投稿入口,2026-08-15,Discovery only; verify the current official guide before use. No journal-quality judgment.
Journal of Soil Science and Plant Nutrition,Scopus Soil Science discovery | WoS Soil Science discovery,直接土壤学/土壤过程,International / English,Springer Nature,https://link.springer.com/journal/42729/submission-guidelines,已定位官方投稿入口,2026-08-15,Discovery only; verify the current official guide before use. No journal-quality judgment.
Journal Of Soils And Sediments,WoS Soil Science discovery,Soil Science category,International / English,Springer Nature,https://link.springer.com/journal/11368/submission-guidelines,已定位官方投稿入口,2026-08-15,Discovery only; verify the current official guide before use. No journal-quality judgment.
Land Degradation and Development,Scopus Soil Science discovery | WoS Soil Science discovery,直接土壤学/土壤过程,International / English,Wiley,https://onlinelibrary.wiley.com/page/journal/1099145x/homepage/forauthors.html,已定位官方投稿入口,2026-08-15,Discovery only; verify the current official guide before use. No journal-quality judgment.
Land Use Policy,General and interdisciplinary discovery,耕地保护、土地退化、土壤治理和政策评估,国际/英文,Elsevier,https://www.sciencedirect.com/journal/land-use-policy/publish/guide-for-authors,official entry recorded,2026-08-15,Discovery only; verify the current official guide before use. No journal-quality judgment.
Landscape Ecology,General and interdisciplinary discovery,土地利用变化、土壤空间异质性和景观过程,国际/英文,Springer Nature,https://link.springer.com/journal/10980/submission-guidelines,official entry recorded,2026-08-15,Discovery only; verify the current official guide before use. No journal-quality judgment.
Microbes and Environments,Scopus Soil Science discovery,Scopus 土壤学分类中的交叉期刊,International / English,待核验,,仅完成分类收录，投稿入口待逐刊核验,2026-08-15,Discovery only; verify the current official guide before use. No journal-quality judgment.
Microbial Ecology,Scopus Soil Science discovery,Scopus 土壤学分类中的交叉期刊,International / English,待核验,,仅完成分类收录，投稿入口待逐刊核验,2026-08-15,Discovery only; verify the current official guide before use. No journal-quality judgment.
Microbiome,General and interdisciplinary discovery,土壤微生物组、多组学与宿主/环境互作,国际/英文,BMC / Springer Nature,https://microbiomejournal.biomedcentral.com/submission-guidelines,official entry recorded,2026-08-15,Discovery only; verify the current official guide before use. No journal-quality judgment.
Mires and Peat,Scopus Soil Science discovery,直接土壤学/土壤过程,International / English,待核验,,仅完成分类收录，投稿入口待逐刊核验,2026-08-15,Discovery only; verify the current official guide before use. No journal-quality judgment.
Molecular Plant Pathology,Scopus Soil Science discovery,Scopus 土壤学分类中的交叉期刊,International / English,待核验,,仅完成分类收录，投稿入口待逐刊核验,2026-08-15,Discovery only; verify the current official guide before use. No journal-quality judgment.
mSystems,General and interdisciplinary discovery,土壤微生物系统、生物信息学和机制研究,国际/英文,American Society for Microbiology,https://journals.asm.org/journal/msystems/author-instructions,official entry recorded,2026-08-15,Discovery only; verify the current official guide before use. No journal-quality judgment.
Nature,General and interdisciplinary discovery,具有全球或学科范式影响的土壤过程、土壤碳与气候、重大方法突破,国际/英文,Nature Portfolio,https://www.nature.com/nature/for-authors,official entry recorded,2026-08-15,Discovery only; verify the current official guide before use. No journal-quality judgment.
Nature Communications,General and interdisciplinary discovery,机制完整、影响较广的土壤生态、碳氮循环、污染和方法研究,国际/英文,Nature Portfolio,https://www.nature.com/ncomms/submit/how-to-submit,official entry recorded,2026-08-15,Discovery only; verify the current official guide before use. No journal-quality judgment.
Nature Food,General and interdisciplinary discovery,土壤健康、养分管理、农业系统与粮食安全,国际/英文,Nature Portfolio,https://www.nature.com/natfood/for-authors,official entry recorded,2026-08-15,Discovery only; verify the current official guide before use. No journal-quality judgment.
Nature Geoscience,General and interdisciplinary discovery,关键带、风化、土壤碳、地球表层过程,国际/英文,Nature Portfolio,https://www.nature.com/ngeo/for-authors,official entry recorded,2026-08-15,Discovery only; verify the current official guide before use. No journal-quality judgment.
Nature Microbiology,General and interdisciplinary discovery,具有广泛影响的土壤微生物机制研究,国际/英文,Nature Portfolio,https://www.nature.com/nmicrobiol/for-authors,official entry recorded,2026-08-15,Discovery only; verify the current official guide before use. No journal-quality judgment.
Nature Sustainability,General and interdisciplinary discovery,土壤健康、农业可持续性、土地退化和政策影响,国际/英文,Nature Portfolio,https://www.nature.com/natsustain/for-authors,official entry recorded,2026-08-15,Discovery only; verify the current official guide before use. No journal-quality judgment.
Nutrient Cycling in Agroecosystems,Scopus Soil Science discovery | WoS Soil Science discovery,Scopus 土壤学分类中的交叉期刊,International / English,Springer Nature,https://link.springer.com/journal/10705/submission-guidelines,已定位官方投稿入口,2026-08-15,Discovery only; verify the current official guide before use. No journal-quality judgment.
One Earth,General and interdisciplinary discovery,土壤退化、土地管理、气候和可持续发展,国际/英文,Cell Press,https://www.cell.com/one-earth/authors,official entry recorded,2026-08-15,Discovery only; verify the current official guide before use. No journal-quality judgment.
Pedobiologia,Scopus Soil Science discovery | WoS Soil Science discovery,Scopus 土壤学分类中的交叉期刊,International / English,Elsevier,https://www.sciencedirect.com/journal/pedobiologia/publish/guide-for-authors,已定位官方投稿入口,2026-08-15,Discovery only; verify the current official guide before use. No journal-quality judgment.
Pedosphere,Scopus Soil Science discovery | WoS Soil Science discovery,直接土壤学/土壤过程,International / English,Elsevier / ISSAS,https://www.sciencedirect.com/journal/pedosphere/publish/guide-for-authors,已定位官方投稿入口,2026-08-15,Discovery only; verify the current official guide before use. No journal-quality judgment.
Plant and Soil,Scopus Soil Science discovery | WoS Soil Science discovery,直接土壤学/土壤过程,International / English,Springer Nature,https://link.springer.com/journal/11104/submission-guidelines,已定位官方投稿入口,2026-08-15,Discovery only; verify the current official guide before use. No journal-quality judgment.
Plant Protection Science,Scopus Soil Science discovery,Scopus 土壤学分类中的交叉期刊,International / English,待核验,,仅完成分类收录，投稿入口待逐刊核验,2026-08-15,Discovery only; verify the current official guide before use. No journal-quality judgment.
"Plant, Soil and Environment",Scopus Soil Science discovery,直接土壤学/土壤过程,International / English,待核验,,仅完成分类收录，投稿入口待逐刊核验,2026-08-15,Discovery only; verify the current official guide before use. No journal-quality judgment.
Proceedings of the Institution of Civil Engineers: Ground Improvement,Scopus Soil Science discovery,Scopus 土壤学分类中的交叉期刊,International / English,待核验,,仅完成分类收录，投稿入口待逐刊核验,2026-08-15,Discovery only; verify the current official guide before use. No journal-quality judgment.
Proceedings of the National Academy of Sciences (PNAS),General and interdisciplinary discovery,基础机制或全球尺度土壤生态与生物地球化学,国际/英文,National Academy of Sciences,https://www.pnas.org/author-center/submitting-your-manuscript,official entry recorded,2026-08-15,Discovery only; verify the current official guide before use. No journal-quality judgment.
Remote Sensing of Environment,Scopus Soil Science discovery,Scopus 土壤学分类中的交叉期刊,International / English,待核验,,仅完成分类收录，投稿入口待逐刊核验,2026-08-15,Discovery only; verify the current official guide before use. No journal-quality judgment.
"Resources, Conservation & Recycling",General and interdisciplinary discovery,有机废弃物土壤利用、养分循环和资源化,国际/英文,Elsevier,https://www.sciencedirect.com/journal/resources-conservation-and-recycling/publish/guide-for-authors,official entry recorded,2026-08-15,Discovery only; verify the current official guide before use. No journal-quality judgment.
Restoration Ecology,General and interdisciplinary discovery,退化土壤恢复、矿山复垦、生态工程,国际/英文,Society for Ecological Restoration / Wiley,https://onlinelibrary.wiley.com/page/journal/1526100x/homepage/forauthors.html,official entry recorded,2026-08-15,Discovery only; verify the current official guide before use. No journal-quality judgment.
Revista Brasileira de Ciencia do Solo,Scopus Soil Science discovery | WoS Soil Science discovery,Scopus 土壤学分类中的交叉期刊,International / English,Brazilian Soil Science Society,https://www.rbcsjournal.org/instructions-to-authors/,已定位官方投稿入口,2026-08-15,Discovery only; verify the current official guide before use. No journal-quality judgment.
Rhizosphere,Scopus Soil Science discovery | WoS Soil Science discovery,直接土壤学/土壤过程,International / English,Elsevier,https://www.sciencedirect.com/journal/rhizosphere/publish/guide-for-authors,已定位官方投稿入口,2026-08-15,Discovery only; verify the current official guide before use. No journal-quality judgment.
Rice,Scopus Soil Science discovery,Scopus 土壤学分类中的交叉期刊,International / English,待核验,,仅完成分类收录，投稿入口待逐刊核验,2026-08-15,Discovery only; verify the current official guide before use. No journal-quality judgment.
Sains Tanah,WoS Soil Science discovery,Soil Science category,International / English,Universitas Sebelas Maret,https://jurnal.uns.ac.id/tanah/about/submissions,已定位官方投稿入口,2026-08-15,Discovery only; verify the current official guide before use. No journal-quality judgment.
Science,General and interdisciplinary discovery,具有广泛科学影响的土壤—气候—生物地球化学研究,国际/英文,AAAS,https://www.science.org/content/page/instructions-preparing-initial-manuscript,official entry recorded,2026-08-15,Discovery only; verify the current official guide before use. No journal-quality judgment.
Science Advances,General and interdisciplinary discovery,跨学科土壤过程、全球变化、土壤健康与新技术,国际/英文,AAAS,https://www.science.org/content/page/science-advances-information-authors,official entry recorded,2026-08-15,Discovery only; verify the current official guide before use. No journal-quality judgment.
Science of The Total Environment,General and interdisciplinary discovery,土壤污染、土壤生态、全球变化和多介质过程,国际/英文,Elsevier,https://www.sciencedirect.com/journal/science-of-the-total-environment/publish/guide-for-authors,official entry recorded,2026-08-15,Discovery only; verify the current official guide before use. No journal-quality judgment.
Scientific Data,General and interdisciplinary discovery,土壤调查、土壤组学、遥感与长期观测数据集,国际/英文,Nature Portfolio,https://www.nature.com/sdata/submission-guidelines,official entry recorded,2026-08-15,Discovery only; verify the current official guide before use. No journal-quality judgment.
SOIL,Scopus Soil Science discovery | WoS Soil Science discovery,直接土壤学/土壤过程,International / English,Copernicus Publications,https://www.soil-journal.net/submission.html,已定位官方投稿入口,2026-08-15,Discovery only; verify the current official guide before use. No journal-quality judgment.
Soil & Environment,WoS Soil Science discovery,Soil Science category,International / English,University of Agriculture Faisalabad,https://www.se.org.pk/,已定位官方投稿入口,2026-08-15,Discovery only; verify the current official guide before use. No journal-quality judgment.
Soil and Environmental Health,Scopus Soil Science discovery,直接土壤学/土壤过程,International / English,待核验,,仅完成分类收录，投稿入口待逐刊核验,2026-08-15,Discovery only; verify the current official guide before use. No journal-quality judgment.
Soil and Sediment Contamination,Scopus Soil Science discovery,直接土壤学/土壤过程,International / English,待核验,,仅完成分类收录，投稿入口待逐刊核验,2026-08-15,Discovery only; verify the current official guide before use. No journal-quality judgment.
Soil and Tillage Research,Scopus Soil Science discovery | WoS Soil Science discovery,直接土壤学/土壤过程,International / English,Elsevier,https://www.sciencedirect.com/journal/soil-and-tillage-research/publish/guide-for-authors,已定位官方投稿入口,2026-08-15,Discovery only; verify the current official guide before use. No journal-quality judgment.
Soil and Water Research,Scopus Soil Science discovery | WoS Soil Science discovery,直接土壤学/土壤过程,International / English,Czech Academy of Agricultural Sciences,https://swr.agriculturejournals.cz/artkey/inf-990000-0100_Instructions-to-Authors.php,已定位官方投稿入口,2026-08-15,Discovery only; verify the current official guide before use. No journal-quality judgment.
Soil Biology and Biochemistry,Scopus Soil Science discovery | WoS Soil Science discovery,直接土壤学/土壤过程,International / English,Elsevier,https://www.sciencedirect.com/journal/soil-biology-and-biochemistry/publish/guide-for-authors,已定位官方投稿入口,2026-08-15,Discovery only; verify the current official guide before use. No journal-quality judgment.
Soil Dynamics and Earthquake Engineering,Scopus Soil Science discovery,直接土壤学/土壤过程,International / English,待核验,,仅完成分类收录，投稿入口待逐刊核验,2026-08-15,Discovery only; verify the current official guide before use. No journal-quality judgment.
Soil Ecology Letters,Scopus Soil Science discovery | WoS Soil Science discovery,直接土壤学/土壤过程,International / English,Springer Nature,https://link.springer.com/journal/42832/submission-guidelines,已定位官方投稿入口,2026-08-15,Discovery only; verify the current official guide before use. No journal-quality judgment.
Soil Research,Scopus Soil Science discovery | WoS Soil Science discovery,直接土壤学/土壤过程,International / English,CSIRO Publishing,https://www.publish.csiro.au/sr/forauthors/AuthorInstructions,已定位官方投稿入口,2026-08-15,Discovery only; verify the current official guide before use. No journal-quality judgment.
Soil Science and Plant Nutrition,Scopus Soil Science discovery | WoS Soil Science discovery,直接土壤学/土壤过程,International / English,Taylor & Francis,https://www.tandfonline.com/action/authorSubmission?show=instructions&journalCode=tssp20,已定位官方投稿入口,2026-08-15,Discovery only; verify the current official guide before use. No journal-quality judgment.
Soil Science Annual,Scopus Soil Science discovery | WoS Soil Science discovery,直接土壤学/土壤过程,International / English,Polish Society of Soil Science,"https://soilscienceannual.com/For-authors,2105.html",已定位官方投稿入口,2026-08-15,Discovery only; verify the current official guide before use. No journal-quality judgment.
Soil Science Society of America Journal,Scopus Soil Science discovery | WoS Soil Science discovery,直接土壤学/土壤过程,International / English,ACSESS / Wiley,https://acsess.onlinelibrary.wiley.com/hub/journal/14350661/author-guidelines,已定位官方投稿入口,2026-08-15,Discovery only; verify the current official guide before use. No journal-quality judgment.
Soil Security,Scopus Soil Science discovery,直接土壤学/土壤过程,International / English,待核验,,仅完成分类收录，投稿入口待逐刊核验,2026-08-15,Discovery only; verify the current official guide before use. No journal-quality judgment.
Soil Systems,Scopus Soil Science discovery | WoS Soil Science discovery,直接土壤学/土壤过程,International / English,MDPI,https://www.mdpi.com/journal/soilsystems/instructions,已定位官方投稿入口,2026-08-15,Discovery only; verify the current official guide before use. No journal-quality judgment.
Soil Use and Management,Scopus Soil Science discovery | WoS Soil Science discovery,直接土壤学/土壤过程,International / English,Wiley,https://onlinelibrary.wiley.com/page/journal/14752743/homepage/forauthors.html,已定位官方投稿入口,2026-08-15,Discovery only; verify the current official guide before use. No journal-quality judgment.
Solid Earth,Scopus Soil Science discovery,Scopus 土壤学分类中的交叉期刊,International / English,待核验,,仅完成分类收录，投稿入口待逐刊核验,2026-08-15,Discovery only; verify the current official guide before use. No journal-quality judgment.
Spanish Journal of Soil Science,Scopus Soil Science discovery | WoS Soil Science discovery,直接土壤学/土壤过程,International / English,Frontiers Partnerships,https://www.frontierspartnerships.org/journals/spanish-journal-of-soil-science/for-authors/author-guidelines,已定位官方投稿入口,2026-08-15,Discovery only; verify the current official guide before use. No journal-quality judgment.
Subterranean Biology,Scopus Soil Science discovery,Scopus 土壤学分类中的交叉期刊,International / English,待核验,,仅完成分类收录，投稿入口待逐刊核验,2026-08-15,Discovery only; verify the current official guide before use. No journal-quality judgment.
Sustainable Production and Consumption,General and interdisciplinary discovery,肥料、土壤管理、农业资源循环和生命周期评价,国际/英文,Elsevier,https://www.sciencedirect.com/journal/sustainable-production-and-consumption/publish/guide-for-authors,official entry recorded,2026-08-15,Discovery only; verify the current official guide before use. No journal-quality judgment.
Terra Latinoamericana,WoS Soil Science discovery,Soil Science category,International / English,Sociedad Mexicana de la Ciencia del Suelo,https://www.terralatinoamericana.org.mx/index.php/terra/about/submissions,已定位官方投稿入口,2026-08-15,Discovery only; verify the current official guide before use. No journal-quality judgment.
The ISME Journal,General and interdisciplinary discovery,土壤微生物群落机制、组学和生态理论,国际/英文,Oxford University Press / ISME,https://academic.oup.com/ismej/pages/general-instructions,official entry recorded,2026-08-15,Discovery only; verify the current official guide before use. No journal-quality judgment.
Urban Forestry and Urban Greening,Scopus Soil Science discovery,Scopus 土壤学分类中的交叉期刊,International / English,待核验,,仅完成分类收录，投稿入口待逐刊核验,2026-08-15,Discovery only; verify the current official guide before use. No journal-quality judgment.
Vadose Zone Journal,Scopus Soil Science discovery | WoS Soil Science discovery,直接土壤学/土壤过程,International / English,ACSESS / Wiley,https://acsess.onlinelibrary.wiley.com/hub/journal/15391663/author-guidelines,已定位官方投稿入口,2026-08-15,Discovery only; verify the current official guide before use. No journal-quality judgment.
Waste Management,General and interdisciplinary discovery,污泥、堆肥、土壤施用和环境风险,国际/英文,Elsevier,https://www.sciencedirect.com/journal/waste-management/publish/guide-for-authors,official entry recorded,2026-08-15,Discovery only; verify the current official guide before use. No journal-quality judgment.
Water Research,General and interdisciplinary discovery,土壤—水界面、污染迁移、废水灌溉和环境微生物,国际/英文,Elsevier,https://www.sciencedirect.com/journal/water-research/publish/guide-for-authors,official entry recorded,2026-08-15,Discovery only; verify the current official guide before use. No journal-quality judgment.
Water Resources Research,General and interdisciplinary discovery,土壤水分、包气带、溶质运移和水文模型,国际/英文,AGU / Wiley,https://www.agu.org/Publish-with-AGU/Publish/Author-Resources,official entry recorded,2026-08-15,Discovery only; verify the current official guide before use. No journal-quality judgment.
Yantu Lixue/Rock and Soil Mechanics,Scopus Soil Science discovery,直接土壤学/土壤过程,International / English,待核验,,仅完成分类收录，投稿入口待逐刊核验,2026-08-15,Discovery only; verify the current official guide before use. No journal-quality judgment.
